{
	"credit": "Created by mullak99",
	"textures": {
		"minecart": "ctm/minecarts/minecart",
		"particle": "entity/chest/normal",
		"chest": "entity/chest/normal"
	},
	"elements": [
		{
			"name": "base",
			"from": [0, 0, 0],
			"to": [20, 2, 16],
			"faces": {
				"north": {"uv": [0.5, 2.5, 5.5, 3], "texture": "#minecart"},
				"east": {"uv": [0, 3, 0.5, 7], "rotation": 270, "texture": "#minecart"},
				"south": {"uv": [5.5, 2.5, 10.5, 3], "texture": "#minecart"},
				"west": {"uv": [5.5, 3, 6, 7], "rotation": 270, "texture": "#minecart"},
				"up": {"uv": [6, 3, 11, 7], "texture": "#minecart"},
				"down": {"uv": [0.5, 3, 5.5, 7], "texture": "#minecart"}
			}
		},
		{
			"name": "north",
			"from": [2, 2, 0],
			"to": [18, 10, 2],
			"faces": {
				"north": {"uv": [5, 0.5, 9, 2.5], "texture": "#minecart"},
				"south": {"uv": [0.5, 0.5, 4.5, 2.5], "texture": "#minecart"},
				"up": {"uv": [0.5, 0, 4.5, 0.5], "texture": "#minecart"}
			}
		},
		{
			"name": "east",
			"from": [18, 2, 0],
			"to": [20, 10, 16],
			"faces": {
				"north": {"uv": [4.5, 0.5, 5, 2.5], "texture": "#minecart"},
				"east": {"uv": [5, 0.5, 9, 2.5], "texture": "#minecart"},
				"south": {"uv": [0, 0.5, 0.5, 2.5], "texture": "#minecart"},
				"west": {"uv": [0.5, 0.5, 4.5, 2.5], "texture": "#minecart"},
				"up": {"uv": [0.5, 0, 4.5, 0.5], "rotation": 90, "texture": "#minecart"}
			}
		},
		{
			"name": "south",
			"from": [1.9999, 2, 13.9999],
			"to": [17.9999, 10, 15.9999],
			"faces": {
				"north": {"uv": [0.5, 0.5, 4.5, 2.5], "texture": "#minecart"},
				"south": {"uv": [5, 0.5, 9, 2.5], "texture": "#minecart"},
				"up": {"uv": [0.5, 0, 4.5, 0.5], "rotation": 180, "texture": "#minecart"}
			}
		},
		{
			"name": "west",
			"from": [0, 2, 0],
			"to": [2, 10, 16],
			"faces": {
				"north": {"uv": [4.5, 0.5, 5, 2.5], "texture": "#minecart"},
				"east": {"uv": [0.5, 0.5, 4.5, 2.5], "texture": "#minecart"},
				"south": {"uv": [0, 0.5, 0.5, 2.5], "texture": "#minecart"},
				"west": {"uv": [5, 0.5, 9, 2.5], "texture": "#minecart"},
				"up": {"uv": [0.5, 0, 4.5, 0.5], "rotation": 270, "texture": "#minecart"}
			}
		},
		{
			"name": "base",
			"from": [5, 2, 3],
			"to": [15, 9.5, 13],
			"faces": {
				"north": {"uv": [0, 8.25, 3.5, 10.75], "rotation": 180, "texture": "#chest"},
				"east": {"uv": [10.5, 8.25, 14, 10.75], "rotation": 180, "texture": "#chest"},
				"south": {"uv": [3.5, 8.25, 7, 10.75], "rotation": 180, "texture": "#chest"},
				"west": {"uv": [7, 8.25, 10.5, 10.75], "rotation": 180, "texture": "#chest"}
			}
		},
		{
			"name": "top",
			"from": [5, 9.5, 3],
			"to": [15, 12.5, 13],
			"faces": {
				"north": {"uv": [0, 3.75, 3.5, 4.75], "rotation": 180, "texture": "#chest"},
				"east": {"uv": [10.5, 3.75, 14, 4.75], "rotation": 180, "texture": "#chest"},
				"south": {"uv": [3.5, 3.75, 7, 4.75], "rotation": 180, "texture": "#chest"},
				"west": {"uv": [7, 3.75, 10.5, 4.75], "rotation": 180, "texture": "#chest"},
				"up": {"uv": [10.5, 0, 7, 3.5], "rotation": 90, "texture": "#chest"}
			}
		},
		{
			"name": "catch",
			"from": [15, 7.25, 7.25],
			"to": [15.75, 10.25, 8.75],
			"faces": {
				"north": {"uv": [0.75, 0.25, 1, 1.25], "rotation": 180, "texture": "#chest"},
				"east": {"uv": [0.25, 0.25, 0.75, 1.25], "rotation": 180, "texture": "#chest"},
				"south": {"uv": [0, 0.25, 0.25, 1.25], "rotation": 180, "texture": "#chest"},
				"up": {"uv": [0.25, 0, 0.75, 0.25], "rotation": 180, "texture": "#chest"},
				"down": {"uv": [0.75, 0, 1.25, 0.25], "rotation": 90, "texture": "#chest"}
			}
		}
	],
	"display": {
		"thirdperson_righthand": {
			"rotation": [78, 45, 0],
			"translation": [0.25, 3, 1],
			"scale": [0.325, 0.325, 0.325]
		},
		"thirdperson_lefthand": {
			"rotation": [78, 45, 0],
			"translation": [1, 4, 1],
			"scale": [0.325, 0.325, 0.325]
		},
		"firstperson_righthand": {
			"rotation": [1, 100, 0],
			"translation": [0, 0.6, 0],
			"scale": [0.4, 0.4, 0.4]
		},
		"firstperson_lefthand": {
			"rotation": [1, -80, 0],
			"translation": [0, 0.6, 1.5],
			"scale": [0.4, 0.4, 0.4]
		},
		"ground": {
			"translation": [0, 3, 0],
			"scale": [0.3, 0.3, 0.3]
		},
		"gui": {
			"rotation": [30, 225, 0],
			"translation": [0.75, 1.25, 0],
			"scale": [0.55, 0.55, 0.55]
		},
		"head": {
			"translation": [-1.625, 0.62563, 0]
		},
		"fixed": {
			"translation": [-0.75, 1.5, 0.75],
			"scale": [0.6, 0.6, 0.6]
		}
	},
	"groups": [
		{
			"name": "minecart",
			"origin": [8, 8, 8],
			"color": 0,
			"children": [0, 1, 2, 3, 4]
		},
		{
			"name": "chest",
			"origin": [8, 8, 8],
			"color": 0,
			"children": [5, 6, 7]
		}
	]
}