{
	"credit": "Created by mullak99",
	"parent": "block/block",
	"textures": {
		"minecart": "ctm/minecarts/minecart",
		"particle": "block/command_block_front",
		"command_block_front": "block/command_block_front",
		"command_block_side": "block/command_block_side"
	},
	"elements": [
		{
			"name": "base",
			"from": [0, 0, 0],
			"to": [20, 2, 16],
			"faces": {
				"north": {"uv": [0.5, 2.5, 5.5, 3], "texture": "#minecart"},
				"east": {"uv": [0, 3, 0.5, 7], "rotation": 270, "texture": "#minecart"},
				"south": {"uv": [5.5, 2.5, 10.5, 3], "texture": "#minecart"},
				"west": {"uv": [5.5, 3, 6, 7], "rotation": 270, "texture": "#minecart"},
				"up": {"uv": [6, 3, 11, 7], "texture": "#minecart"},
				"down": {"uv": [0.5, 3, 5.5, 7], "texture": "#minecart"}
			}
		},
		{
			"name": "north",
			"from": [2, 2, 0],
			"to": [18, 10, 2],
			"faces": {
				"north": {"uv": [5, 0.5, 9, 2.5], "texture": "#minecart"},
				"south": {"uv": [0.5, 0.5, 4.5, 2.5], "texture": "#minecart"},
				"up": {"uv": [0.5, 0, 4.5, 0.5], "texture": "#minecart"}
			}
		},
		{
			"name": "east",
			"from": [18, 2, 0],
			"to": [20, 10, 16],
			"faces": {
				"north": {"uv": [4.5, 0.5, 5, 2.5], "texture": "#minecart"},
				"east": {"uv": [5, 0.5, 9, 2.5], "texture": "#minecart"},
				"south": {"uv": [0, 0.5, 0.5, 2.5], "texture": "#minecart"},
				"west": {"uv": [0.5, 0.5, 4.5, 2.5], "texture": "#minecart"},
				"up": {"uv": [0.5, 0, 4.5, 0.5], "rotation": 90, "texture": "#minecart"}
			}
		},
		{
			"name": "west",
			"from": [0, 2, 0],
			"to": [2, 10, 16],
			"faces": {
				"north": {"uv": [4.5, 0.5, 5, 2.5], "texture": "#minecart"},
				"east": {"uv": [0.5, 0.5, 4.5, 2.5], "texture": "#minecart"},
				"south": {"uv": [0, 0.5, 0.5, 2.5], "texture": "#minecart"},
				"west": {"uv": [5, 0.5, 9, 2.5], "texture": "#minecart"},
				"up": {"uv": [0.5, 0, 4.5, 0.5], "rotation": 270, "texture": "#minecart"}
			}
		},
		{
			"name": "south",
			"from": [1.9999, 2, 13.9999],
			"to": [17.9999, 10, 15.9999],
			"faces": {
				"north": {"uv": [0.5, 0.5, 4.5, 2.5], "texture": "#minecart"},
				"south": {"uv": [5, 0.5, 9, 2.5], "texture": "#minecart"},
				"up": {"uv": [0.5, 0, 4.5, 0.5], "rotation": 180, "texture": "#minecart"}
			}
		},
		{
			"name": "command_block",
			"from": [4, 2, 2],
			"to": [16, 14, 14],
			"faces": {
				"north": {"uv": [0, 0, 16, 16], "texture": "#command_block_side", "cullface": "west"},
				"east": {"uv": [0, 0, 16, 16], "texture": "#command_block_side", "cullface": "north"},
				"south": {"uv": [0, 0, 16, 16], "texture": "#command_block_side", "cullface": "east"},
				"west": {"uv": [0, 0, 16, 16], "texture": "#command_block_side", "cullface": "south"},
				"up": {"uv": [0, 0, 16, 16], "rotation": 90, "texture": "#command_block_front", "cullface": "up"}
			}
		}
	],
	"display": {
		"thirdperson_righthand": {
			"rotation": [78, 45, 0],
			"translation": [0.25, 3, 1],
			"scale": [0.325, 0.325, 0.325]
		},
		"thirdperson_lefthand": {
			"rotation": [78, 45, 0],
			"translation": [1, 4, 1],
			"scale": [0.325, 0.325, 0.325]
		},
		"firstperson_righthand": {
			"rotation": [1, 100, 0],
			"translation": [0, 0.6, 0],
			"scale": [0.4, 0.4, 0.4]
		},
		"firstperson_lefthand": {
			"rotation": [1, -80, 0],
			"translation": [0, 0.6, 1.5],
			"scale": [0.4, 0.4, 0.4]
		},
		"ground": {
			"translation": [0, 3, 0],
			"scale": [0.3, 0.3, 0.3]
		},
		"gui": {
			"rotation": [30, 225, 0],
			"translation": [0.75, 1.25, 0],
			"scale": [0.55, 0.55, 0.55]
		},
		"head": {
			"translation": [-1.625, 0.62563, 0]
		},
		"fixed": {
			"translation": [-0.75, 1.5, 0.75],
			"scale": [0.6, 0.6, 0.6]
		}
	},
	"groups": [
		{
			"name": "minecart",
			"origin": [8, 8, 8],
			"color": 0,
			"children": [0, 1, 2, 3, 4]
		},
		5
	]
}