{
	"credit": "Created by mullak99",
    "parent": "block/ladder",
    "display": {
        "gui": {
            "rotation": [ 30, 45, 0 ],
            "translation": [ -3.5, 2.25, 0],
            "scale":[ 0.75, 0.75, 0.75 ]
        },
        "ground": {
            "rotation": [ 0, 0, 0 ],
            "translation": [ 0, 3, -3.5],
            "scale":[ 0.45, 0.45, 0.45 ]
        },
        "head": {
            "rotation": [ 0, 180, 0 ],
            "translation": [ 0, 0, 0],
            "scale":[ 1, 1, 1]
        },
        "fixed": {
            "rotation": [ 0, 0, 0 ],
            "translation": [ 0, 0, -5],
            "scale":[ 0.75, 0.7, 0.75 ]
        },
        "thirdperson_righthand": {
            "rotation": [ 75, 315, 0 ],
            "translation": [ 2, 2.5, -2],
            "scale": [ 0.375, 0.375, 0.375 ]
        },
        "firstperson_righthand": {
            "rotation": [ 0, 315, 0 ],
            "translation": [ 0, 2, 0],
            "scale": [ 0.4, 0.4, 0.54 ]
        }
    }
}
