{
	"credit": "Created by mullak99",
	"parent": "item/template_door",
	"textures": {
		"door_bottom": "block/mangrove_door_bottom",
		"bottom": "ctm/doors/mangrove/bottom",
		"side_bottom": "ctm/doors/mangrove/side_bottom",
		"side_bottom_hinge": "ctm/doors/mangrove/side_bottom_hinge",
		"particle": "block/mangrove_door_top",
		"door_top": "block/mangrove_door_top",
		"side_top": "ctm/doors/mangrove/side_top",
		"side_top_hinge": "ctm/doors/mangrove/side_top_hinge",
		"top": "ctm/doors/mangrove/top"
	},
	"elements": [
		{
			"name": "1",
			"from": [0, 0, 0],
			"to": [3, 16, 2.5],
			"rotation": {"angle": 0, "axis": "y", "origin": [1.5, 8.375, 8]},
			"faces": {
				"north": {"uv": [0, 0, 3, 16], "texture": "#side_bottom_hinge", "cullface": "north"},
				"east": {"uv": [2.5, 0, 0, 16], "texture": "#door_bottom"},
				"south": {"uv": [2, 0, 2.5, 16], "texture": "#door_bottom"},
				"west": {"uv": [0, 0, 2.5, 16], "texture": "#door_bottom", "cullface": "west"},
				"down": {"uv": [0, 0, 2.5, 3], "rotation": 270, "texture": "#bottom", "cullface": "down"}
			}
		},
		{
			"name": "2",
			"from": [0, 0, 2.5],
			"to": [3, 2.5, 13.5],
			"rotation": {"angle": 0, "axis": "y", "origin": [1.5, 8.375, 8]},
			"faces": {
				"east": {"uv": [13.5, 13.5, 2.5, 16], "texture": "#door_bottom"},
				"west": {"uv": [2.5, 13.5, 13.5, 16], "texture": "#door_bottom", "cullface": "west"},
				"up": {"uv": [2.5, 13.5, 13.5, 14], "rotation": 90, "texture": "#door_bottom"},
				"down": {"uv": [2.5, 0, 13.5, 3], "rotation": 270, "texture": "#bottom", "cullface": "down"}
			}
		},
		{
			"name": "3",
			"from": [0, 0, 13.5],
			"to": [3, 16, 16],
			"rotation": {"angle": 0, "axis": "y", "origin": [1.5, 8.375, 8]},
			"faces": {
				"north": {"uv": [13.5, 0, 14, 16], "texture": "#door_bottom"},
				"east": {"uv": [16, 0, 13.5, 16], "texture": "#door_bottom"},
				"south": {"uv": [0, 0, 3, 16], "texture": "#side_bottom", "cullface": "south"},
				"west": {"uv": [13.5, 0, 16, 16], "texture": "#door_bottom", "cullface": "west"},
				"down": {"uv": [13.5, 0, 16, 3], "rotation": 270, "texture": "#bottom", "cullface": "down"}
			}
		},
		{
			"name": "1",
			"from": [0.5, 2.5, 2.5],
			"to": [2.5, 16, 4.5],
			"rotation": {"angle": 0, "axis": "y", "origin": [1.5, 8.375, 8]},
			"faces": {
				"east": {"uv": [4.5, 0, 2.5, 13.5], "texture": "#door_bottom"},
				"south": {"uv": [4, 0, 4.5, 13.5], "texture": "#door_bottom"},
				"west": {"uv": [2.5, 0, 4.5, 13.5], "texture": "#door_bottom"}
			}
		},
		{
			"name": "2",
			"from": [0.5, 2.5, 4.5],
			"to": [2.5, 4.5, 11.5],
			"rotation": {"angle": 0, "axis": "y", "origin": [1.5, 8.375, 8]},
			"faces": {
				"east": {"uv": [11.5, 11.5, 4.5, 13.5], "texture": "#door_bottom"},
				"west": {"uv": [4.5, 11.5, 11.5, 13.5], "texture": "#door_bottom"},
				"up": {"uv": [4.5, 11.5, 11.5, 12], "rotation": 270, "texture": "#door_bottom"}
			}
		},
		{
			"name": "3",
			"from": [0.5, 2.5, 11.5],
			"to": [2.5, 16, 13.5],
			"rotation": {"angle": 0, "axis": "y", "origin": [1.5, 8.375, 8]},
			"faces": {
				"north": {"uv": [11.5, 0, 12, 13.5], "texture": "#door_bottom"},
				"east": {"uv": [13.5, 0, 11.5, 13.5], "texture": "#door_bottom"},
				"west": {"uv": [11.5, 0, 13.5, 13.5], "texture": "#door_bottom"}
			}
		},
		{
			"name": "4",
			"from": [1, 4.5, 4.5],
			"to": [2, 16, 11.5],
			"rotation": {"angle": 0, "axis": "y", "origin": [1.5, 8.375, 8]},
			"faces": {
				"east": {"uv": [11.5, 0, 4.5, 11.5], "texture": "#door_bottom"},
				"west": {"uv": [4.5, 0, 11.5, 11.5], "texture": "#door_bottom"}
			}
		},
		{
			"name": "1",
			"from": [0.5, 8, 6],
			"to": [2.5, 10, 10],
			"rotation": {"angle": 0, "axis": "y", "origin": [1.5, 8.375, 8]},
			"faces": {
				"north": {"uv": [6, 6, 6.5, 8], "texture": "#door_bottom"},
				"east": {"uv": [10, 6, 6, 8], "texture": "#door_bottom"},
				"south": {"uv": [9.5, 6, 10, 8], "texture": "#door_bottom"},
				"west": {"uv": [6, 6, 10, 8], "texture": "#door_bottom"},
				"up": {"uv": [6, 6, 10, 6.5], "rotation": 90, "texture": "#door_bottom"},
				"down": {"uv": [6, 7.5, 10, 8], "rotation": 270, "texture": "#door_bottom"}
			}
		},
		{
			"name": "2",
			"from": [0.5, 10, 7],
			"to": [2.5, 11, 9],
			"rotation": {"angle": 0, "axis": "y", "origin": [1.5, 8.375, 8]},
			"faces": {
				"north": {"uv": [7, 5, 7.5, 6], "texture": "#door_bottom"},
				"east": {"uv": [9, 5, 7, 6], "texture": "#door_bottom"},
				"south": {"uv": [8.5, 5, 9, 6], "texture": "#door_bottom"},
				"west": {"uv": [7, 5, 9, 6], "texture": "#door_bottom"},
				"up": {"uv": [7, 5, 9, 5.5], "rotation": 90, "texture": "#door_bottom"}
			}
		},
		{
			"name": "3",
			"from": [0.5, 7, 7],
			"to": [2.5, 8, 9],
			"rotation": {"angle": 0, "axis": "y", "origin": [1.5, 8.375, 8]},
			"faces": {
				"north": {"uv": [7, 8, 7.5, 9], "texture": "#door_bottom"},
				"east": {"uv": [9, 8, 7, 9], "texture": "#door_bottom"},
				"south": {"uv": [8.5, 8, 9, 9], "texture": "#door_bottom"},
				"west": {"uv": [7, 8, 9, 9], "texture": "#door_bottom"},
				"down": {"uv": [7, 8.5, 9, 9], "rotation": 270, "texture": "#door_bottom"}
			}
		},
		{
			"name": "4",
			"from": [0.5, 10, 6.5],
			"to": [2.5, 10.5, 7],
			"rotation": {"angle": 0, "axis": "y", "origin": [1.5, 8.375, 8]},
			"faces": {
				"north": {"uv": [6.5, 5.5, 7, 6], "texture": "#door_bottom"},
				"east": {"uv": [7, 5.5, 6.5, 6], "texture": "#door_bottom"},
				"west": {"uv": [6.5, 5.5, 7, 6], "texture": "#door_bottom"},
				"up": {"uv": [6.5, 5.5, 7, 6], "texture": "#door_bottom"}
			}
		},
		{
			"name": "5",
			"from": [0.5, 10, 9],
			"to": [2.5, 10.5, 9.5],
			"rotation": {"angle": 0, "axis": "y", "origin": [1.5, 8.375, 8]},
			"faces": {
				"east": {"uv": [9.5, 5.5, 9, 6], "texture": "#door_bottom"},
				"south": {"uv": [9, 6, 9.5, 5.5], "texture": "#door_bottom"},
				"west": {"uv": [9, 5.5, 9.5, 6], "texture": "#door_bottom"},
				"up": {"uv": [9, 5.5, 9.5, 6], "texture": "#door_bottom"}
			}
		},
		{
			"name": "6",
			"from": [0.5, 7.5, 6.5],
			"to": [2.5, 8, 7],
			"rotation": {"angle": 0, "axis": "y", "origin": [1.5, 8.375, 8]},
			"faces": {
				"north": {"uv": [6.5, 8, 7, 8.5], "texture": "#door_bottom"},
				"east": {"uv": [7, 8, 6.5, 8.5], "texture": "#door_bottom"},
				"west": {"uv": [6.5, 8, 7, 8.5], "texture": "#door_bottom"},
				"down": {"uv": [6.5, 8, 7, 8.5], "texture": "#door_bottom"}
			}
		},
		{
			"name": "7",
			"from": [0.5, 7.5, 9],
			"to": [2.5, 8, 9.5],
			"rotation": {"angle": 0, "axis": "y", "origin": [1.5, 8.375, 8]},
			"faces": {
				"east": {"uv": [9.5, 8, 9, 8.5], "texture": "#door_bottom"},
				"south": {"uv": [9, 8.5, 9.5, 8], "texture": "#door_bottom"},
				"west": {"uv": [9, 8, 9.5, 8.5], "texture": "#door_bottom"},
				"down": {"uv": [9, 8, 9.5, 8.5], "texture": "#door_bottom"}
			}
		},
		{
			"name": "8",
			"from": [0, 8, 6.5],
			"to": [3, 10, 9.5],
			"rotation": {"angle": 0, "axis": "y", "origin": [1.5, 8.375, 8]},
			"faces": {
				"north": {"uv": [6.5, 6, 7, 8], "texture": "#door_bottom"},
				"east": {"uv": [9.5, 6, 6.5, 8], "texture": "#door_bottom"},
				"south": {"uv": [9, 6, 9.5, 8], "texture": "#door_bottom"},
				"west": {"uv": [6.5, 6, 9.5, 8], "texture": "#door_bottom", "cullface": "west"},
				"up": {"uv": [6.5, 6, 9.5, 6.5], "rotation": 270, "texture": "#door_bottom"},
				"down": {"uv": [6.5, 7.5, 9.5, 8], "rotation": 270, "texture": "#door_bottom"}
			}
		},
		{
			"name": "9",
			"from": [0, 7.5, 7],
			"to": [3, 8, 9],
			"rotation": {"angle": 0, "axis": "y", "origin": [1.5, 8.375, 8]},
			"faces": {
				"north": {"uv": [7, 8, 7.5, 8.5], "texture": "#door_bottom"},
				"east": {"uv": [9, 8, 7, 8.5], "texture": "#door_bottom"},
				"south": {"uv": [8.5, 8, 9, 8.5], "texture": "#door_bottom"},
				"west": {"uv": [7, 8, 9, 8.5], "texture": "#door_bottom", "cullface": "west"},
				"down": {"uv": [7, 8, 9, 8.5], "rotation": 270, "texture": "#door_bottom"}
			}
		},
		{
			"name": "10",
			"from": [0, 10, 7],
			"to": [3, 10.5, 9],
			"rotation": {"angle": 0, "axis": "y", "origin": [1.5, 8.375, 8]},
			"faces": {
				"north": {"uv": [7, 5.5, 7.5, 6], "texture": "#door_bottom"},
				"east": {"uv": [9, 5.5, 7, 6], "texture": "#door_bottom"},
				"south": {"uv": [8.5, 5.5, 9, 6], "texture": "#door_bottom"},
				"west": {"uv": [7, 5.5, 9, 6], "texture": "#door_bottom", "cullface": "west"},
				"up": {"uv": [7, 5.5, 9, 6], "rotation": 90, "texture": "#door_bottom"}
			}
		},
		{
			"name": "1",
			"from": [0.5, 15, 6],
			"to": [2.5, 16, 10],
			"rotation": {"angle": 0, "axis": "y", "origin": [1.5, 8.375, 8]},
			"faces": {
				"north": {"uv": [6, 0, 6.5, 1], "texture": "#door_bottom"},
				"east": {"uv": [10, 0, 6, 1], "texture": "#door_bottom"},
				"south": {"uv": [9.5, 0, 10, 1], "texture": "#door_bottom"},
				"west": {"uv": [6, 0, 10, 1], "texture": "#door_bottom"},
				"down": {"uv": [6, 0.5, 10, 1], "rotation": 270, "texture": "#door_bottom"}
			}
		},
		{
			"name": "2",
			"from": [0.5, 14, 7],
			"to": [2.5, 15, 9],
			"rotation": {"angle": 0, "axis": "y", "origin": [1.5, 8.375, 8]},
			"faces": {
				"north": {"uv": [7, 1, 7.5, 2], "texture": "#door_bottom"},
				"east": {"uv": [9, 1, 7, 2], "texture": "#door_bottom"},
				"south": {"uv": [8.5, 1, 9, 2], "texture": "#door_bottom"},
				"west": {"uv": [7, 1, 9, 2], "texture": "#door_bottom"},
				"down": {"uv": [7, 1.5, 9, 2], "rotation": 270, "texture": "#door_bottom"}
			}
		},
		{
			"name": "3",
			"from": [0.5, 14.5, 6.5],
			"to": [2.5, 15, 7],
			"rotation": {"angle": 0, "axis": "y", "origin": [1.5, 8.375, 8]},
			"faces": {
				"north": {"uv": [6.5, 1, 7, 1.5], "texture": "#door_bottom"},
				"east": {"uv": [7, 1, 6.5, 1.5], "texture": "#door_bottom"},
				"west": {"uv": [6.5, 1, 7, 1.5], "texture": "#door_bottom"},
				"down": {"uv": [6.5, 1, 7, 1.5], "texture": "#door_bottom"}
			}
		},
		{
			"name": "4",
			"from": [0.5, 14.5, 9],
			"to": [2.5, 15, 9.5],
			"rotation": {"angle": 0, "axis": "y", "origin": [1.5, 8.375, 8]},
			"faces": {
				"east": {"uv": [9.5, 1, 9, 1.5], "texture": "#door_bottom"},
				"south": {"uv": [9, 1.5, 9.5, 1], "texture": "#door_bottom"},
				"west": {"uv": [9, 1, 9.5, 1.5], "texture": "#door_bottom"},
				"down": {"uv": [9, 1, 9.5, 1.5], "texture": "#door_bottom"}
			}
		},
		{
			"name": "5",
			"from": [0, 15, 6.5],
			"to": [3, 16, 9.5],
			"rotation": {"angle": 0, "axis": "y", "origin": [1.5, 8.375, 8]},
			"faces": {
				"north": {"uv": [6.5, 0, 7, 1], "texture": "#door_bottom"},
				"east": {"uv": [9.5, 0, 6.5, 1], "texture": "#door_bottom"},
				"south": {"uv": [9, 0, 9.5, 1], "texture": "#door_bottom"},
				"west": {"uv": [6.5, 0, 9.5, 1], "texture": "#door_bottom", "cullface": "west"},
				"down": {"uv": [6.5, 0.5, 9.5, 1], "rotation": 270, "texture": "#door_bottom"}
			}
		},
		{
			"name": "6",
			"from": [0, 14.5, 7],
			"to": [3, 15, 9],
			"rotation": {"angle": 0, "axis": "y", "origin": [1.5, 8.375, 8]},
			"faces": {
				"north": {"uv": [7, 1, 7.5, 1.5], "texture": "#door_bottom"},
				"east": {"uv": [9, 1, 7, 1.5], "texture": "#door_bottom"},
				"south": {"uv": [8.5, 1, 9, 1.5], "texture": "#door_bottom"},
				"west": {"uv": [7, 1, 9, 1.5], "texture": "#door_bottom", "cullface": "west"},
				"down": {"uv": [7, 1, 9, 1.5], "rotation": 270, "texture": "#door_bottom"}
			}
		},
		{
			"name": "1",
			"from": [-0.5, 13, 13],
			"to": [3.5, 16, 14],
			"rotation": {"angle": 0, "axis": "y", "origin": [1.5, 8.375, 8]},
			"faces": {
				"north": {"uv": [13, 0, 13.5, 3], "texture": "#door_bottom"},
				"east": {"uv": [14, 0, 13, 3], "texture": "#door_bottom"},
				"south": {"uv": [13.5, 0, 14, 3], "texture": "#door_bottom"},
				"west": {"uv": [13, 0, 14, 3], "texture": "#door_bottom", "cullface": "west"},
				"down": {"uv": [13, 2.5, 14, 3], "rotation": 270, "texture": "#door_bottom"}
			}
		},
		{
			"name": "2",
			"from": [-0.5, 13, 12],
			"to": [3.5, 13.5, 13],
			"rotation": {"angle": 0, "axis": "y", "origin": [1.5, 8.375, 8]},
			"faces": {
				"north": {"uv": [12, 2.5, 12.5, 3], "texture": "#door_bottom"},
				"east": {"uv": [13, 2.5, 12, 3], "texture": "#door_bottom"},
				"west": {"uv": [12, 2.5, 13, 3], "texture": "#door_bottom", "cullface": "west"},
				"up": {"uv": [12, 2.5, 13, 3], "rotation": 90, "texture": "#door_bottom"},
				"down": {"uv": [12, 2.5, 13, 3], "rotation": 270, "texture": "#door_bottom"}
			}
		},
		{
			"name": "1",
			"from": [0, 16, 0],
			"to": [3, 32, 2.5],
			"rotation": {"angle": 0, "axis": "y", "origin": [1.5, 8.375, 8]},
			"faces": {
				"north": {"uv": [0, 0, 3, 16], "texture": "#side_top_hinge", "cullface": "north"},
				"east": {"uv": [2.5, 0, 0, 16], "texture": "#door_top"},
				"south": {"uv": [2, 0, 2.5, 16], "texture": "#door_top"},
				"west": {"uv": [0, 0, 2.5, 16], "texture": "#door_top", "cullface": "west"},
				"up": {"uv": [0, 0, 2.5, 3], "rotation": 90, "texture": "#top", "cullface": "up"}
			}
		},
		{
			"name": "2",
			"from": [0, 29.5, 2.5],
			"to": [3, 32, 13.5],
			"rotation": {"angle": 0, "axis": "y", "origin": [1.5, 8.375, 8]},
			"faces": {
				"east": {"uv": [13.5, 0, 2.5, 2.5], "texture": "#door_top"},
				"west": {"uv": [2.5, 0, 13.5, 2.5], "texture": "#door_top", "cullface": "west"},
				"up": {"uv": [2.5, 0, 13.5, 3], "rotation": 90, "texture": "#top", "cullface": "up"},
				"down": {"uv": [2.5, 2, 13.5, 2.5], "rotation": 270, "texture": "#door_top"}
			}
		},
		{
			"name": "3",
			"from": [0, 16, 13.5],
			"to": [3, 32, 16],
			"rotation": {"angle": 0, "axis": "y", "origin": [1.5, 8.375, 8]},
			"faces": {
				"north": {"uv": [13.5, 0, 14, 16], "texture": "#door_top"},
				"east": {"uv": [16, 0, 13.5, 16], "texture": "#door_top"},
				"south": {"uv": [0, 0, 3, 16], "texture": "#side_top", "cullface": "south"},
				"west": {"uv": [13.5, 0, 16, 16], "texture": "#door_top", "cullface": "west"},
				"up": {"uv": [13.5, 0, 16, 3], "rotation": 90, "texture": "#top", "cullface": "up"}
			}
		},
		{
			"name": "1",
			"from": [0.5, 16, 2.5],
			"to": [2.5, 29.5, 4.5],
			"rotation": {"angle": 0, "axis": "y", "origin": [1.5, 8.375, 8]},
			"faces": {
				"east": {"uv": [4.5, 2.5, 2.5, 16], "texture": "#door_top"},
				"south": {"uv": [4, 2.5, 4.5, 16], "texture": "#door_top"},
				"west": {"uv": [2.5, 2.5, 4.5, 16], "texture": "#door_top"}
			}
		},
		{
			"name": "2",
			"from": [0.5, 27.5, 4.5],
			"to": [2.5, 29.5, 11.5],
			"rotation": {"angle": 0, "axis": "y", "origin": [1.5, 8.375, 8]},
			"faces": {
				"east": {"uv": [11.5, 0.5, 4.5, 2.5], "texture": "#door_top"},
				"west": {"uv": [4.5, 2.5, 11.5, 4.5], "texture": "#door_top"},
				"down": {"uv": [4.5, 4, 11.5, 4.5], "rotation": 270, "texture": "#door_top"}
			}
		},
		{
			"name": "3",
			"from": [0.5, 16, 11.5],
			"to": [2.5, 29.5, 13.5],
			"rotation": {"angle": 0, "axis": "y", "origin": [1.5, 8.375, 8]},
			"faces": {
				"north": {"uv": [11.5, 2.5, 12, 16], "texture": "#door_top"},
				"east": {"uv": [13.5, 2.5, 11.5, 16], "texture": "#door_top"},
				"west": {"uv": [11.5, 2.5, 13.5, 16], "texture": "#door_top"}
			}
		},
		{
			"name": "4",
			"from": [1, 16, 4.5],
			"to": [2, 27.5, 11.5],
			"rotation": {"angle": 0, "axis": "y", "origin": [1.5, 8.375, 8]},
			"faces": {
				"east": {"uv": [11.5, 4.5, 4.5, 16], "texture": "#door_top"},
				"west": {"uv": [4.5, 4.5, 11.5, 16], "texture": "#door_top"}
			}
		},
		{
			"name": "5",
			"from": [0.5, 26.5, 4.5],
			"to": [2.5, 27, 5],
			"faces": {
				"east": {"uv": [5, 5, 4.5, 5.5], "texture": "#door_top"},
				"south": {"uv": [4.5, 5, 5, 5.5], "texture": "#door_top"},
				"west": {"uv": [4.5, 5, 5, 5.5], "texture": "#door_top"},
				"down": {"uv": [4.5, 5, 5, 5.5], "rotation": 270, "texture": "#door_top"}
			}
		},
		{
			"name": "6",
			"from": [0.5, 27, 4.5],
			"to": [2.5, 27.5, 5.5],
			"faces": {
				"east": {"uv": [5.5, 4.5, 4.5, 5], "texture": "#door_top"},
				"south": {"uv": [5, 4.5, 5.5, 5], "texture": "#door_top"},
				"west": {"uv": [4.5, 4.5, 5.5, 5], "texture": "#door_top"},
				"down": {"uv": [4.5, 4.5, 5.5, 5], "rotation": 270, "texture": "#door_top"}
			}
		},
		{
			"name": "7",
			"from": [0.5, 27, 10.5],
			"to": [2.5, 27.5, 11.5],
			"faces": {
				"north": {"uv": [10.5, 4.5, 11, 5], "texture": "#door_top"},
				"east": {"uv": [11.5, 4.5, 10.5, 5], "texture": "#door_top"},
				"west": {"uv": [10.5, 4.5, 11.5, 5], "texture": "#door_top"},
				"down": {"uv": [10.5, 4.5, 11.5, 5], "rotation": 270, "texture": "#door_top"}
			}
		},
		{
			"name": "8",
			"from": [0.5, 26.5, 11],
			"to": [2.5, 27, 11.5],
			"faces": {
				"north": {"uv": [11, 5, 11.5, 5.5], "texture": "#door_top"},
				"east": {"uv": [11.5, 5, 11, 5.5], "texture": "#door_top"},
				"west": {"uv": [11, 5, 11.5, 5.5], "texture": "#door_top"},
				"down": {"uv": [11, 5, 11.5, 5.5], "rotation": 270, "texture": "#door_top"}
			}
		},
		{
			"name": "9",
			"from": [0, 28.5, 2.5],
			"to": [3, 29, 3],
			"faces": {
				"east": {"uv": [3, 3, 2.5, 3.5], "texture": "#door_top"},
				"south": {"uv": [2.5, 3, 3, 3.5], "texture": "#door_top"},
				"west": {"uv": [2.5, 3, 3, 3.5], "texture": "#door_top"},
				"down": {"uv": [2.5, 3, 3, 3.5], "rotation": 270, "texture": "#door_top"}
			}
		},
		{
			"name": "10",
			"from": [0, 29, 2.5],
			"to": [3, 29.5, 3.5],
			"faces": {
				"east": {"uv": [3.5, 2.5, 2.5, 3], "texture": "#door_top"},
				"south": {"uv": [3, 2.5, 3.5, 3], "texture": "#door_top"},
				"west": {"uv": [2.5, 2.5, 3.5, 3], "texture": "#door_top"},
				"down": {"uv": [2.5, 2.5, 3.5, 3], "rotation": 270, "texture": "#door_top"}
			}
		},
		{
			"name": "11",
			"from": [0, 29, 12.5],
			"to": [3, 29.5, 13.5],
			"faces": {
				"north": {"uv": [12.5, 2.5, 13, 3], "texture": "#door_top"},
				"east": {"uv": [13.5, 2.5, 12.5, 3], "texture": "#door_top"},
				"west": {"uv": [12.5, 2.5, 13.5, 3], "texture": "#door_top"},
				"down": {"uv": [12.5, 2.5, 13.5, 3], "rotation": 270, "texture": "#door_top"}
			}
		},
		{
			"name": "12",
			"from": [0, 28.5, 13],
			"to": [3, 29, 13.5],
			"faces": {
				"north": {"uv": [13, 3, 13.5, 3.5], "texture": "#door_top"},
				"east": {"uv": [13.5, 3, 13, 3.5], "texture": "#door_top"},
				"west": {"uv": [13, 3, 13.5, 3.5], "texture": "#door_top"},
				"down": {"uv": [13, 3, 13.5, 3.5], "rotation": 270, "texture": "#door_top"}
			}
		},
		{
			"name": "1",
			"from": [0.5, 22, 6],
			"to": [2.5, 24, 10],
			"rotation": {"angle": 0, "axis": "y", "origin": [1.5, 8.375, 8]},
			"faces": {
				"north": {"uv": [6, 8, 6.5, 10], "texture": "#door_top"},
				"east": {"uv": [10, 8, 6, 10], "texture": "#door_top"},
				"south": {"uv": [9.5, 8, 10, 10], "texture": "#door_top"},
				"west": {"uv": [6, 8, 10, 10], "texture": "#door_top"},
				"up": {"uv": [6, 8, 10, 8.5], "rotation": 90, "texture": "#door_top"},
				"down": {"uv": [6, 9.5, 10, 10], "rotation": 270, "texture": "#door_top"}
			}
		},
		{
			"name": "2",
			"from": [0.5, 24, 7],
			"to": [2.5, 25, 9],
			"rotation": {"angle": 0, "axis": "y", "origin": [1.5, 8.375, 8]},
			"faces": {
				"north": {"uv": [7, 7, 7.5, 8], "texture": "#door_top"},
				"east": {"uv": [9, 7, 7, 8], "texture": "#door_top"},
				"south": {"uv": [8.5, 7, 9, 8], "texture": "#door_top"},
				"west": {"uv": [7, 7, 9, 8], "texture": "#door_top"},
				"up": {"uv": [7, 7, 9, 7.5], "rotation": 90, "texture": "#door_top"}
			}
		},
		{
			"name": "3",
			"from": [0.5, 21, 7],
			"to": [2.5, 22, 9],
			"rotation": {"angle": 0, "axis": "y", "origin": [1.5, 8.375, 8]},
			"faces": {
				"north": {"uv": [7, 10, 7.5, 11], "texture": "#door_top"},
				"east": {"uv": [9, 10, 7, 11], "texture": "#door_top"},
				"south": {"uv": [8.5, 10, 9, 11], "texture": "#door_top"},
				"west": {"uv": [7, 10, 9, 11], "texture": "#door_top"},
				"down": {"uv": [7, 10.5, 9, 11], "rotation": 270, "texture": "#door_top"}
			}
		},
		{
			"name": "4",
			"from": [0.5, 24, 6.5],
			"to": [2.5, 24.5, 7],
			"rotation": {"angle": 0, "axis": "y", "origin": [1.5, 8.375, 8]},
			"faces": {
				"north": {"uv": [6.5, 7.5, 7, 8], "texture": "#door_top"},
				"east": {"uv": [7, 7.5, 6.5, 8], "texture": "#door_top"},
				"west": {"uv": [6.5, 7.5, 7, 8], "texture": "#door_top"},
				"up": {"uv": [6.5, 7.5, 7, 8], "texture": "#door_top"}
			}
		},
		{
			"name": "5",
			"from": [0.5, 24, 9],
			"to": [2.5, 24.5, 9.5],
			"rotation": {"angle": 0, "axis": "y", "origin": [1.5, 8.375, 8]},
			"faces": {
				"east": {"uv": [9.5, 7.5, 9, 8], "texture": "#door_top"},
				"south": {"uv": [9, 8, 9.5, 7.5], "texture": "#door_top"},
				"west": {"uv": [9, 7.5, 9.5, 8], "texture": "#door_top"},
				"up": {"uv": [9, 7.5, 9.5, 8], "texture": "#door_top"}
			}
		},
		{
			"name": "6",
			"from": [0.5, 21.5, 6.5],
			"to": [2.5, 22, 7],
			"rotation": {"angle": 0, "axis": "y", "origin": [1.5, 8.375, 8]},
			"faces": {
				"north": {"uv": [6.5, 10, 7, 10.5], "texture": "#door_top"},
				"east": {"uv": [7, 10, 6.5, 10.5], "texture": "#door_top"},
				"west": {"uv": [6.5, 10, 7, 10.5], "texture": "#door_top"},
				"down": {"uv": [6.5, 10, 7, 10.5], "texture": "#door_top"}
			}
		},
		{
			"name": "7",
			"from": [0.5, 21.5, 9],
			"to": [2.5, 22, 9.5],
			"rotation": {"angle": 0, "axis": "y", "origin": [1.5, 8.375, 8]},
			"faces": {
				"east": {"uv": [9.5, 10, 9, 10.5], "texture": "#door_top"},
				"south": {"uv": [9, 10.5, 9.5, 10], "texture": "#door_top"},
				"west": {"uv": [9, 10, 9.5, 10.5], "texture": "#door_top"},
				"down": {"uv": [9, 10, 9.5, 10.5], "texture": "#door_top"}
			}
		},
		{
			"name": "8",
			"from": [0, 22, 6.5],
			"to": [3, 24, 9.5],
			"rotation": {"angle": 0, "axis": "y", "origin": [1.5, 8.375, 8]},
			"faces": {
				"north": {"uv": [6.5, 8, 7, 10], "texture": "#door_top"},
				"east": {"uv": [9.5, 8, 6.5, 10], "texture": "#door_top"},
				"south": {"uv": [9, 8, 9.5, 10], "texture": "#door_top"},
				"west": {"uv": [6.5, 8, 9.5, 10], "texture": "#door_top", "cullface": "west"},
				"up": {"uv": [6.5, 8, 9.5, 8.5], "rotation": 270, "texture": "#door_top"},
				"down": {"uv": [6.5, 9.5, 9.5, 10], "rotation": 270, "texture": "#door_top"}
			}
		},
		{
			"name": "9",
			"from": [0, 21.5, 7],
			"to": [3, 22, 9],
			"rotation": {"angle": 0, "axis": "y", "origin": [1.5, 8.375, 8]},
			"faces": {
				"north": {"uv": [7, 10, 7.5, 10.5], "texture": "#door_top"},
				"east": {"uv": [9, 10, 7, 10.5], "texture": "#door_top"},
				"south": {"uv": [8.5, 10, 9, 10.5], "texture": "#door_top"},
				"west": {"uv": [7, 10, 9, 10.5], "texture": "#door_top", "cullface": "west"},
				"down": {"uv": [7, 10, 9, 10.5], "rotation": 270, "texture": "#door_top"}
			}
		},
		{
			"name": "10",
			"from": [0, 24, 7],
			"to": [3, 24.5, 9],
			"rotation": {"angle": 0, "axis": "y", "origin": [1.5, 8.375, 8]},
			"faces": {
				"north": {"uv": [7, 7.5, 7.5, 8], "texture": "#door_top"},
				"east": {"uv": [9, 7.5, 7, 8], "texture": "#door_top"},
				"south": {"uv": [8.5, 7.5, 9, 8], "texture": "#door_top"},
				"west": {"uv": [7, 7.5, 9, 8], "texture": "#door_top", "cullface": "west"},
				"up": {"uv": [7, 7.5, 9, 8], "rotation": 90, "texture": "#door_top"}
			}
		},
		{
			"name": "1",
			"from": [0.5, 16, 6],
			"to": [2.5, 17, 10],
			"rotation": {"angle": 0, "axis": "y", "origin": [1.5, 8.375, 8]},
			"faces": {
				"north": {"uv": [6, 15, 6.5, 16], "texture": "#door_top"},
				"east": {"uv": [10, 15, 6, 16], "texture": "#door_top"},
				"south": {"uv": [9.5, 15, 10, 16], "texture": "#door_top"},
				"west": {"uv": [6, 15, 10, 16], "texture": "#door_top"},
				"up": {"uv": [6, 15, 10, 15.5], "rotation": 90, "texture": "#door_top"}
			}
		},
		{
			"name": "2",
			"from": [0.5, 17, 7],
			"to": [2.5, 18, 9],
			"rotation": {"angle": 0, "axis": "y", "origin": [1.5, 8.375, 8]},
			"faces": {
				"north": {"uv": [7, 14, 7.5, 15], "texture": "#door_top"},
				"east": {"uv": [9, 14, 7, 15], "texture": "#door_top"},
				"south": {"uv": [8.5, 14, 9, 15], "texture": "#door_top"},
				"west": {"uv": [7, 14, 9, 15], "texture": "#door_top"},
				"up": {"uv": [7, 14, 9, 14.5], "rotation": 90, "texture": "#door_top"}
			}
		},
		{
			"name": "3",
			"from": [0.5, 17, 6.5],
			"to": [2.5, 17.5, 7],
			"rotation": {"angle": 0, "axis": "y", "origin": [1.5, 8.375, 8]},
			"faces": {
				"north": {"uv": [6.5, 14.5, 7, 15], "texture": "#door_top"},
				"east": {"uv": [7, 14.5, 6.5, 15], "texture": "#door_top"},
				"west": {"uv": [6.5, 14.5, 7, 15], "texture": "#door_top"},
				"up": {"uv": [6.5, 14.5, 7, 15], "texture": "#door_top"}
			}
		},
		{
			"name": "4",
			"from": [0.5, 17, 9],
			"to": [2.5, 17.5, 9.5],
			"rotation": {"angle": 0, "axis": "y", "origin": [1.5, 8.375, 8]},
			"faces": {
				"east": {"uv": [9.5, 14.5, 9, 15], "texture": "#door_top"},
				"south": {"uv": [9, 15, 9.5, 14.5], "texture": "#door_top"},
				"west": {"uv": [9, 14.5, 9.5, 15], "texture": "#door_top"},
				"up": {"uv": [9, 14.5, 9.5, 15], "texture": "#door_top"}
			}
		},
		{
			"name": "5",
			"from": [0, 16, 6.5],
			"to": [3, 17, 9.5],
			"rotation": {"angle": 0, "axis": "y", "origin": [1.5, 8.375, 8]},
			"faces": {
				"north": {"uv": [6.5, 15, 7, 16], "texture": "#door_top"},
				"east": {"uv": [9.5, 15, 6.5, 16], "texture": "#door_top"},
				"south": {"uv": [9, 15, 9.5, 16], "texture": "#door_top"},
				"west": {"uv": [6.5, 15, 9.5, 16], "texture": "#door_top", "cullface": "west"},
				"up": {"uv": [6.5, 15, 9.5, 15.5], "rotation": 270, "texture": "#door_top"}
			}
		},
		{
			"name": "6",
			"from": [0, 17, 7],
			"to": [3, 17.5, 9],
			"rotation": {"angle": 0, "axis": "y", "origin": [1.5, 8.375, 8]},
			"faces": {
				"north": {"uv": [7, 14.5, 7.5, 15], "texture": "#door_top"},
				"east": {"uv": [9, 14.5, 7, 15], "texture": "#door_top"},
				"south": {"uv": [8.5, 14.5, 9, 15], "texture": "#door_top"},
				"west": {"uv": [7, 14.5, 9, 15], "texture": "#door_top", "cullface": "west"},
				"up": {"uv": [7, 14.5, 9, 15], "rotation": 90, "texture": "#door_top"}
			}
		},
		{
			"name": "1",
			"from": [-0.5, 16, 13],
			"to": [3.5, 19, 14],
			"rotation": {"angle": 0, "axis": "y", "origin": [1.5, 8.375, 8]},
			"faces": {
				"north": {"uv": [13, 13, 13.5, 16], "texture": "#door_top"},
				"east": {"uv": [14, 13, 13, 16], "texture": "#door_top"},
				"south": {"uv": [13.5, 13, 14, 16], "texture": "#door_top"},
				"west": {"uv": [13, 13, 14, 16], "texture": "#door_top", "cullface": "west"},
				"up": {"uv": [13, 13, 14, 13.5], "rotation": 90, "texture": "#door_top"}
			}
		},
		{
			"name": "2",
			"from": [-0.5, 18.5, 12],
			"to": [3.5, 19, 13],
			"rotation": {"angle": 0, "axis": "y", "origin": [1.5, 8.375, 8]},
			"faces": {
				"north": {"uv": [12, 13, 12.5, 13.5], "texture": "#door_top"},
				"east": {"uv": [13, 13, 12, 13.5], "texture": "#door_top"},
				"west": {"uv": [12, 13, 13, 13.5], "texture": "#door_top", "cullface": "west"},
				"up": {"uv": [12, 13, 13, 13.5], "rotation": 90, "texture": "#door_top"},
				"down": {"uv": [12, 13, 13, 13.5], "rotation": 270, "texture": "#door_top"}
			}
		}
	],
	"groups": [
		{
			"name": "mangrove_door_bottom",
			"origin": [8, 8, 8],
			"color": 0,
			"children": [
				{
					"name": "group",
					"origin": [8, 8, 8],
					"color": 0,
					"children": [
						{
							"name": "outer",
							"origin": [0, 0, 0],
							"color": 0,
							"children": [0, 1, 2]
						},
						{
							"name": "inner",
							"origin": [0, 0, 0],
							"color": 0,
							"children": [3, 4, 5, 6]
						},
						{
							"name": "circles",
							"origin": [8, 8, 8],
							"color": 0,
							"children": [
								{
									"name": "1",
									"origin": [0, 0, 0],
									"color": 0,
									"children": [7, 8, 9, 10, 11, 12, 13, 14, 15, 16]
								},
								{
									"name": "2",
									"origin": [8, 8, 8],
									"color": 0,
									"children": [17, 18, 19, 20, 21, 22]
								}
							]
						},
						{
							"name": "handle",
							"origin": [8, 8, 8],
							"color": 0,
							"children": [23, 24]
						}
					]
				}
			]
		},
		{
			"name": "mangrove_door_top",
			"origin": [8, 8, 8],
			"color": 0,
			"children": [
				{
					"name": "group",
					"origin": [8, 8, 8],
					"color": 0,
					"children": [
						{
							"name": "outer",
							"origin": [0, 0, 0],
							"color": 0,
							"children": [25, 26, 27]
						},
						{
							"name": "inner",
							"origin": [0, 0, 0],
							"color": 0,
							"children": [28, 29, 30, 31, 32, 33, 34, 35, 36, 37, 38, 39]
						},
						{
							"name": "circles",
							"origin": [8, 8, 8],
							"color": 0,
							"children": [
								{
									"name": "1",
									"origin": [0, 0, 0],
									"color": 0,
									"children": [40, 41, 42, 43, 44, 45, 46, 47, 48, 49]
								}
							]
						},
						{
							"name": "group",
							"origin": [0, 0, 0],
							"color": 0,
							"children": [50, 51, 52, 53, 54, 55]
						},
						{
							"name": "handle",
							"origin": [8, 8, 8],
							"color": 0,
							"children": [56, 57]
						}
					]
				}
			]
		}
	]
}