{
	"credit": "Created by mullak99",
	"ambientocclusion": false,
	"gui_light": "front",
	"display": {
		"thirdperson_righthand": {
			"rotation": [0, 90, 0],
			"translation": [0, 0.75, -0.75],
			"scale": [0.2, 0.2, 0.2]
		},
		"thirdperson_lefthand": {
			"rotation": [0, 90, 0],
			"translation": [0, 0.75, 1.75],
			"scale": [0.2, 0.2, -0.2]
		},
		"firstperson_righthand": {
			"rotation": [0, 10, 0],
			"translation": [2, 0.5, 0.5],
			"scale": [0.25, 0.25, 0.25]
		},
		"firstperson_lefthand": {
			"rotation": [0, 10, 0],
			"translation": [-2, 0.5, 0.5],
			"scale": [0.25, 0.25, 0.25]
		},
		"ground": {
			"translation": [1.5, 1, 0],
			"scale": [0.2, 0.2, 0.2]
		},
		"gui": {
			"rotation": [0, 90, 0],
			"translation": [0, -3.5, 0],
			"scale": [0.45, 0.45, 0.45]
		},
		"head": {
			"rotation": [0, 90, 0],
			"translation": [0, 1.5, -6.5]
		},
		"fixed": {
			"rotation": [0, -90, 0],
			"translation": [0, -3.5, 3.25],
			"scale": [0.45, 0.45, 0.45]
		}
	}
}