{
	"credit": "Created by mullak99",
	"textures": {
		"particle": "block/turtle_egg",
		"egg": "block/turtle_egg"
	},
	"elements": [
		{
			"name": "egg",
			"from": [6, 0, 6],
			"to": [10, 7, 10],
			"faces": {
				"north": {"uv": [1, 4, 5, 11], "texture": "#egg"},
				"east": {"uv": [1, 4, 5, 11], "texture": "#egg"},
				"south": {"uv": [1, 4, 5, 11], "texture": "#egg"},
				"west": {"uv": [1, 4, 5, 11], "texture": "#egg"},
				"up": {"uv": [0, 0, 4, 4], "texture": "#egg"},
				"down": {"uv": [0, 0, 4, 4], "texture": "#egg"}
			}
		}
	],
	"display": {
		"thirdperson_righthand": {
			"translation": [0, 1.5, 0],
			"scale": [0.75, 0.75, 0.75]
		},
		"firstperson_righthand": {
			"rotation": [0, 315, 0],
			"translation": [0, 3.25, 0],
			"scale": [0.75, 0.75, 0.75]
		},
		"ground": {
			"translation": [0, 4, 0],
			"scale": [0.5, 0.5, 0.5]
		},
		"gui": {
			"rotation": [30, 45, 0],
			"translation": [0, 2.5, 0]
		},
		"head": {
			"rotation": [0, 180, 0],
			"translation": [0, 14, 0]
		},
		"fixed": {
			"rotation": [0, 180, 0],
			"translation": [0, 6.75, 0],
			"scale": [1.5, 1.5, 1.5]
		}
	},
	"groups": [
		{
			"name": "group",
			"origin": [8, 8, 8],
			"children": [0]
		}
	]
}