{
	"credit": "Created by mullak99",
	"parent": "item/template_door",
	"textures": {
		"door_bottom": "block/warped_door_bottom",
		"bottom": "ctm/doors/warped/bottom",
		"side_bottom": "ctm/doors/warped/side_bottom",
		"side_bottom_hinge": "ctm/doors/warped/side_bottom_hinge",
		"particle": "block/warped_door_top",
		"door_top": "block/warped_door_top",
		"side_top": "ctm/doors/warped/side_top",
		"side_top_hinge": "ctm/doors/warped/side_top_hinge",
		"top": "ctm/doors/warped/top"
	},
	"elements": [
		{
			"name": "1",
			"from": [-0.25, 13.5, 0.5],
			"to": [3.25, 14.5, 1],
			"faces": {
				"north": {"uv": [0.5, 1.5, 1, 2.5], "texture": "#door_bottom"},
				"east": {"uv": [1, 1.5, 0.5, 2.5], "texture": "#door_bottom"},
				"south": {"uv": [0.5, 1.5, 1, 2.5], "texture": "#door_bottom"},
				"west": {"uv": [0.5, 1.5, 1, 2.5], "texture": "#door_bottom", "cullface": "west"},
				"up": {"uv": [0.5, 1.5, 1, 2], "rotation": 90, "texture": "#door_bottom"},
				"down": {"uv": [0.5, 2, 1, 2.5], "rotation": 90, "texture": "#door_bottom"}
			}
		},
		{
			"name": "2",
			"from": [-0.25, 14, 1],
			"to": [3.25, 15, 2],
			"faces": {
				"north": {"uv": [1, 1, 1.5, 2], "texture": "#door_bottom"},
				"east": {"uv": [2, 1, 1, 2], "texture": "#door_bottom"},
				"south": {"uv": [1.5, 1, 2, 2], "texture": "#door_bottom"},
				"west": {"uv": [1, 1, 2, 2], "texture": "#door_bottom", "cullface": "west"},
				"up": {"uv": [1, 1, 2, 1.5], "rotation": 90, "texture": "#door_bottom"},
				"down": {"uv": [1, 1.5, 2, 2], "rotation": 90, "texture": "#door_bottom"}
			}
		},
		{
			"name": "3",
			"from": [-0.25, 14.5, 2],
			"to": [3.25, 15.5, 3],
			"faces": {
				"north": {"uv": [2, 0.5, 2.5, 1.5], "texture": "#door_bottom"},
				"east": {"uv": [3, 0.5, 2, 1.5], "texture": "#door_bottom"},
				"south": {"uv": [2.5, 0.5, 3, 1.5], "texture": "#door_bottom"},
				"west": {"uv": [2, 0.5, 3, 1.5], "texture": "#door_bottom", "cullface": "west"},
				"up": {"uv": [2, 0.5, 3, 1], "rotation": 90, "texture": "#door_bottom"},
				"down": {"uv": [2, 1, 3, 1.5], "rotation": 90, "texture": "#door_bottom"}
			}
		},
		{
			"name": "4",
			"from": [-0.25, 15, 3],
			"to": [3.25, 15.5, 4],
			"faces": {
				"east": {"uv": [4, 0.5, 3, 1], "texture": "#door_bottom"},
				"south": {"uv": [3.5, 0.5, 4, 1], "texture": "#door_bottom"},
				"west": {"uv": [3, 0.5, 4, 1], "texture": "#door_bottom", "cullface": "west"},
				"up": {"uv": [3, 0.5, 4, 1], "rotation": 90, "texture": "#door_bottom"},
				"down": {"uv": [3, 0.5, 4, 1], "rotation": 90, "texture": "#door_bottom"}
			}
		},
		{
			"name": "5",
			"from": [-0.25, 14.5, 3.5],
			"to": [3.25, 15, 6],
			"faces": {
				"north": {"uv": [3.5, 1, 4, 1.5], "texture": "#door_bottom"},
				"east": {"uv": [6, 1, 3.5, 1.5], "texture": "#door_bottom"},
				"south": {"uv": [5.5, 1, 6, 1.5], "texture": "#door_bottom"},
				"west": {"uv": [3.5, 1, 6, 1.5], "texture": "#door_bottom", "cullface": "west"},
				"up": {"uv": [3.5, 1, 6, 1.5], "rotation": 90, "texture": "#door_bottom"},
				"down": {"uv": [3.5, 1, 6, 1.5], "rotation": 90, "texture": "#door_bottom"}
			}
		},
		{
			"name": "6",
			"from": [-0.25, 14, 4.5],
			"to": [3.25, 14.5, 5.5],
			"faces": {
				"north": {"uv": [4.5, 1.5, 5, 2], "texture": "#door_bottom"},
				"east": {"uv": [5.5, 1.5, 4.5, 2], "texture": "#door_bottom"},
				"south": {"uv": [5, 1.5, 5.5, 2], "texture": "#door_bottom"},
				"west": {"uv": [4.5, 1.5, 5.5, 2], "texture": "#door_bottom", "cullface": "west"},
				"down": {"uv": [4.5, 1.5, 5.5, 2], "rotation": 90, "texture": "#door_bottom"}
			}
		},
		{
			"name": "7",
			"from": [-0.25, 15, 5.5],
			"to": [3.25, 15.5, 6.5],
			"faces": {
				"north": {"uv": [5.5, 0.5, 6, 1], "texture": "#door_bottom"},
				"east": {"uv": [6.5, 0.5, 5.5, 1], "texture": "#door_bottom"},
				"south": {"uv": [6, 0.5, 6.5, 1], "texture": "#door_bottom"},
				"west": {"uv": [5.5, 0.5, 6.5, 1], "texture": "#door_bottom", "cullface": "west"},
				"up": {"uv": [5.5, 0.5, 6.5, 1], "rotation": 90, "texture": "#door_bottom"},
				"down": {"uv": [5.5, 0.5, 6.5, 1], "rotation": 90, "texture": "#door_bottom"}
			}
		},
		{
			"name": "8",
			"from": [-0.25, 15.5, 6],
			"to": [3.25, 16, 7],
			"faces": {
				"north": {"uv": [6, 0, 6.5, 0.5], "texture": "#door_bottom"},
				"east": {"uv": [7, 0, 6, 0.5], "texture": "#door_bottom"},
				"south": {"uv": [6.5, 0, 7, 0.5], "texture": "#door_bottom"},
				"west": {"uv": [6, 0, 7, 0.5], "texture": "#door_bottom", "cullface": "west"},
				"up": {"uv": [6, 0, 7, 0.5], "rotation": 90, "texture": "#door_bottom", "cullface": "up"},
				"down": {"uv": [6, 0, 7, 0.5], "rotation": 90, "texture": "#door_bottom"}
			}
		},
		{
			"name": "1",
			"from": [-0.25, 6.5, 0],
			"to": [0, 7.5, 1],
			"faces": {
				"north": {"uv": [0, 8.5, 0.5, 9.5], "texture": "#door_bottom", "cullface": "west"},
				"south": {"uv": [0.5, 8.5, 1, 9.5], "texture": "#door_bottom", "cullface": "west"},
				"west": {"uv": [0, 8.5, 1, 9.5], "texture": "#door_bottom", "cullface": "west"},
				"up": {"uv": [0, 8.5, 1, 9], "rotation": 90, "texture": "#door_bottom", "cullface": "west"},
				"down": {"uv": [0, 9, 1, 9.5], "rotation": 90, "texture": "#door_bottom", "cullface": "west"}
			}
		},
		{
			"name": "2",
			"from": [-0.25, 7, 1],
			"to": [3.25, 8, 2],
			"faces": {
				"north": {"uv": [1, 8, 1.5, 9], "texture": "#door_bottom"},
				"east": {"uv": [2, 8, 1, 9], "texture": "#door_bottom"},
				"south": {"uv": [1.5, 8, 2, 9], "texture": "#door_bottom"},
				"west": {"uv": [1, 8, 2, 9], "texture": "#door_bottom", "cullface": "west"},
				"up": {"uv": [1, 8, 2, 8.5], "rotation": 90, "texture": "#door_bottom"},
				"down": {"uv": [1, 8.5, 2, 9], "rotation": 90, "texture": "#door_bottom"}
			}
		},
		{
			"name": "3",
			"from": [-0.25, 7.5, 2],
			"to": [3.25, 8.5, 2.5],
			"faces": {
				"north": {"uv": [2, 7.5, 2.5, 8.5], "texture": "#door_bottom"},
				"east": {"uv": [2.5, 7.5, 2, 8.5], "texture": "#door_bottom"},
				"south": {"uv": [2, 7.5, 2.5, 8.5], "texture": "#door_bottom"},
				"west": {"uv": [2, 7.5, 2.5, 8.5], "texture": "#door_bottom", "cullface": "west"},
				"up": {"uv": [2, 7.5, 2.5, 8], "rotation": 90, "texture": "#door_bottom"},
				"down": {"uv": [2, 8, 2.5, 8.5], "rotation": 90, "texture": "#door_bottom"}
			}
		},
		{
			"name": "4",
			"from": [-0.25, 8, 2.5],
			"to": [3.25, 9, 3.5],
			"faces": {
				"north": {"uv": [2.5, 7, 3, 8], "texture": "#door_bottom"},
				"east": {"uv": [3.5, 7, 2.5, 8], "texture": "#door_bottom"},
				"south": {"uv": [3, 7, 3.5, 8], "texture": "#door_bottom"},
				"west": {"uv": [2.5, 7, 3.5, 8], "texture": "#door_bottom", "cullface": "west"},
				"up": {"uv": [2.5, 7, 3.5, 7.5], "rotation": 90, "texture": "#door_bottom"},
				"down": {"uv": [2.5, 7.5, 3.5, 8], "rotation": 90, "texture": "#door_bottom"}
			}
		},
		{
			"name": "5",
			"from": [-0.25, 7.5, 3.5],
			"to": [3.25, 8.5, 4],
			"faces": {
				"north": {"uv": [3.5, 7.5, 4, 8.5], "texture": "#door_bottom"},
				"east": {"uv": [4, 7.5, 3.5, 8.5], "texture": "#door_bottom"},
				"south": {"uv": [3.5, 7.5, 4, 8.5], "texture": "#door_bottom"},
				"west": {"uv": [3.5, 7.5, 4, 8.5], "texture": "#door_bottom", "cullface": "west"},
				"up": {"uv": [3.5, 7.5, 4, 8], "rotation": 90, "texture": "#door_bottom"},
				"down": {"uv": [3.5, 8, 4, 8.5], "rotation": 90, "texture": "#door_bottom"}
			}
		},
		{
			"name": "6",
			"from": [-0.25, 7, 4],
			"to": [3.25, 8, 4.5],
			"faces": {
				"north": {"uv": [4, 8, 4.5, 9], "texture": "#door_bottom"},
				"east": {"uv": [4.5, 8, 4, 9], "texture": "#door_bottom"},
				"south": {"uv": [4, 8, 4.5, 9], "texture": "#door_bottom"},
				"west": {"uv": [4, 8, 4.5, 9], "texture": "#door_bottom", "cullface": "west"},
				"up": {"uv": [4, 8, 4.5, 8.5], "rotation": 90, "texture": "#door_bottom"},
				"down": {"uv": [4, 8.5, 4.5, 9], "rotation": 90, "texture": "#door_bottom"}
			}
		},
		{
			"name": "7",
			"from": [-0.25, 6, 4.5],
			"to": [3.25, 7.5, 5],
			"faces": {
				"north": {"uv": [4.5, 8.5, 5, 10], "texture": "#door_bottom"},
				"east": {"uv": [5, 8.5, 4.5, 10], "texture": "#door_bottom"},
				"south": {"uv": [4.5, 8.5, 5, 10], "texture": "#door_bottom"},
				"west": {"uv": [4.5, 8.5, 5, 10], "texture": "#door_bottom", "cullface": "west"},
				"up": {"uv": [4.5, 8.5, 5, 9], "rotation": 90, "texture": "#door_bottom"},
				"down": {"uv": [4.5, 9.5, 5, 10], "rotation": 90, "texture": "#door_bottom"}
			}
		},
		{
			"name": "8",
			"from": [-0.25, 5.5, 5],
			"to": [3.25, 7, 5.5],
			"faces": {
				"north": {"uv": [5, 9, 5.5, 10.5], "texture": "#door_bottom"},
				"east": {"uv": [5.5, 9, 5, 10.5], "texture": "#door_bottom"},
				"south": {"uv": [5, 9, 5.5, 10.5], "texture": "#door_bottom"},
				"west": {"uv": [5, 9, 5.5, 10.5], "texture": "#door_bottom", "cullface": "west"},
				"up": {"uv": [5, 9, 5.5, 9.5], "rotation": 90, "texture": "#door_bottom"},
				"down": {"uv": [5, 10, 5.5, 10.5], "rotation": 90, "texture": "#door_bottom"}
			}
		},
		{
			"name": "6",
			"from": [-0.25, 5, 5.5],
			"to": [3.25, 6, 6.5],
			"faces": {
				"north": {"uv": [5.5, 10, 6, 11], "texture": "#door_bottom"},
				"east": {"uv": [6.5, 10, 5.5, 11], "texture": "#door_bottom"},
				"south": {"uv": [6, 10, 6.5, 11], "texture": "#door_bottom"},
				"west": {"uv": [5.5, 10, 6.5, 11], "texture": "#door_bottom", "cullface": "west"},
				"up": {"uv": [5.5, 10, 6.5, 10.5], "rotation": 90, "texture": "#door_bottom"},
				"down": {"uv": [5.5, 10.5, 6.5, 11], "rotation": 90, "texture": "#door_bottom"}
			}
		},
		{
			"name": "7",
			"from": [-0.25, 4.5, 6.5],
			"to": [3.25, 5.5, 7.5],
			"faces": {
				"north": {"uv": [6.5, 10.5, 7, 11.5], "texture": "#door_bottom"},
				"east": {"uv": [7.5, 10.5, 6.5, 11.5], "texture": "#door_bottom"},
				"south": {"uv": [7, 10.5, 7.5, 11.5], "texture": "#door_bottom"},
				"west": {"uv": [6.5, 10.5, 7.5, 11.5], "texture": "#door_bottom", "cullface": "west"},
				"up": {"uv": [6.5, 10.5, 7.5, 11], "rotation": 90, "texture": "#door_bottom"},
				"down": {"uv": [6.5, 11, 7.5, 11.5], "rotation": 90, "texture": "#door_bottom"}
			}
		},
		{
			"name": "8",
			"from": [-0.25, 4, 7],
			"to": [3.25, 4.5, 7.5],
			"faces": {
				"north": {"uv": [7, 11.5, 7.5, 12], "texture": "#door_bottom"},
				"east": {"uv": [7.5, 11.5, 7, 12], "texture": "#door_bottom"},
				"west": {"uv": [7, 11.5, 7.5, 12], "texture": "#door_bottom", "cullface": "west"},
				"down": {"uv": [7, 11.5, 7.5, 12], "rotation": 90, "texture": "#door_bottom"}
			}
		},
		{
			"name": "9",
			"from": [-0.25, 4, 7.5],
			"to": [3.25, 5, 9],
			"faces": {
				"east": {"uv": [9, 11, 7.5, 12], "texture": "#door_bottom"},
				"south": {"uv": [8.5, 11, 9, 12], "texture": "#door_bottom"},
				"west": {"uv": [7.5, 11, 9, 12], "texture": "#door_bottom", "cullface": "west"},
				"up": {"uv": [7.5, 11, 9, 11.5], "rotation": 90, "texture": "#door_bottom"},
				"down": {"uv": [7.5, 11, 9, 11.5], "rotation": 90, "texture": "#door_bottom"}
			}
		},
		{
			"name": "10",
			"from": [-0.25, 4.5, 9],
			"to": [3.25, 5.5, 9.5],
			"faces": {
				"north": {"uv": [9, 10.5, 9.5, 11.5], "texture": "#door_bottom"},
				"east": {"uv": [9.5, 10.5, 9, 11.5], "texture": "#door_bottom"},
				"south": {"uv": [9, 10.5, 9.5, 11.5], "texture": "#door_bottom"},
				"west": {"uv": [9, 10.5, 9.5, 11.5], "texture": "#door_bottom", "cullface": "west"},
				"up": {"uv": [9, 10.5, 9.5, 11], "rotation": 90, "texture": "#door_bottom"},
				"down": {"uv": [9, 11, 9.5, 11.5], "rotation": 90, "texture": "#door_bottom"}
			}
		},
		{
			"name": "11",
			"from": [-0.25, 5, 9.5],
			"to": [3.25, 7, 10],
			"faces": {
				"north": {"uv": [9.5, 9, 10, 11], "texture": "#door_bottom"},
				"east": {"uv": [10, 9, 9.5, 11], "texture": "#door_bottom"},
				"south": {"uv": [9.5, 9, 10, 11], "texture": "#door_bottom"},
				"west": {"uv": [9.5, 9, 10, 11], "texture": "#door_bottom", "cullface": "west"},
				"up": {"uv": [9.5, 9, 10, 9.5], "rotation": 90, "texture": "#door_bottom"},
				"down": {"uv": [9.5, 10.5, 10, 11], "rotation": 90, "texture": "#door_bottom"}
			}
		},
		{
			"name": "12",
			"from": [-0.25, 6, 10],
			"to": [3.25, 8, 10.5],
			"faces": {
				"north": {"uv": [10, 8, 10.5, 10], "texture": "#door_bottom"},
				"east": {"uv": [10.5, 8, 10, 10], "texture": "#door_bottom"},
				"south": {"uv": [10, 8, 10.5, 10], "texture": "#door_bottom"},
				"west": {"uv": [10, 8, 10.5, 10], "texture": "#door_bottom", "cullface": "west"},
				"up": {"uv": [10, 8, 10.5, 8.5], "rotation": 90, "texture": "#door_bottom"},
				"down": {"uv": [10, 9.5, 10.5, 10], "rotation": 90, "texture": "#door_bottom"}
			}
		},
		{
			"name": "13",
			"from": [-0.25, 7.5, 10.5],
			"to": [3.25, 9, 11],
			"faces": {
				"north": {"uv": [10.5, 7, 11, 8.5], "texture": "#door_bottom"},
				"east": {"uv": [11, 7, 10.5, 8.5], "texture": "#door_bottom"},
				"south": {"uv": [10.5, 7, 11, 8.5], "texture": "#door_bottom"},
				"west": {"uv": [10.5, 7, 11, 8.5], "texture": "#door_bottom", "cullface": "west"},
				"up": {"uv": [10.5, 7, 11, 7.5], "rotation": 90, "texture": "#door_bottom"},
				"down": {"uv": [10.5, 8, 11, 8.5], "rotation": 90, "texture": "#door_bottom"}
			}
		},
		{
			"name": "14",
			"from": [-0.25, 8.5, 11],
			"to": [3.25, 9.5, 11.5],
			"faces": {
				"north": {"uv": [11, 6.5, 11.5, 7.5], "texture": "#door_bottom"},
				"east": {"uv": [11.5, 6.5, 11, 7.5], "texture": "#door_bottom"},
				"south": {"uv": [11, 6.5, 11.5, 7.5], "texture": "#door_bottom"},
				"west": {"uv": [11, 6.5, 11.5, 7.5], "texture": "#door_bottom", "cullface": "west"},
				"up": {"uv": [11, 6.5, 11.5, 7], "rotation": 90, "texture": "#door_bottom"},
				"down": {"uv": [11, 7, 11.5, 7.5], "rotation": 90, "texture": "#door_bottom"}
			}
		},
		{
			"name": "15",
			"from": [-0.25, 9, 11.5],
			"to": [3.25, 10, 12],
			"faces": {
				"north": {"uv": [11.5, 6, 12, 7], "texture": "#door_bottom"},
				"east": {"uv": [12, 6, 11.5, 7], "texture": "#door_bottom"},
				"south": {"uv": [11.5, 6, 12, 7], "texture": "#door_bottom"},
				"west": {"uv": [11.5, 6, 12, 7], "texture": "#door_bottom", "cullface": "west"},
				"up": {"uv": [11.5, 6, 12, 6.5], "rotation": 90, "texture": "#door_bottom"},
				"down": {"uv": [11.5, 6.5, 12, 7], "rotation": 90, "texture": "#door_bottom"}
			}
		},
		{
			"name": "16",
			"from": [-0.25, 9.5, 12],
			"to": [3.25, 10.5, 12.5],
			"faces": {
				"north": {"uv": [11.5, 6, 12, 7], "texture": "#door_bottom"},
				"east": {"uv": [12, 6, 11.5, 7], "texture": "#door_bottom"},
				"south": {"uv": [11.5, 6, 12, 7], "texture": "#door_bottom"},
				"west": {"uv": [11.5, 6, 12, 7], "texture": "#door_bottom", "cullface": "west"},
				"up": {"uv": [11.5, 6, 12, 6.5], "rotation": 90, "texture": "#door_bottom"},
				"down": {"uv": [11.5, 6.5, 12, 7], "rotation": 90, "texture": "#door_bottom"}
			}
		},
		{
			"name": "17",
			"from": [-0.25, 10, 12.5],
			"to": [3.25, 10.5, 13.5],
			"faces": {
				"east": {"uv": [13.5, 5.5, 12.5, 6], "texture": "#door_bottom"},
				"west": {"uv": [12.5, 5.5, 13.5, 6], "texture": "#door_bottom", "cullface": "west"},
				"up": {"uv": [12.5, 5.5, 13.5, 6], "rotation": 90, "texture": "#door_bottom"},
				"down": {"uv": [12.5, 5.5, 13.5, 6], "rotation": 90, "texture": "#door_bottom"}
			}
		},
		{
			"name": "18",
			"from": [-0.25, 9.5, 13.5],
			"to": [3.25, 10.5, 14],
			"faces": {
				"north": {"uv": [13.5, 5.5, 14, 6.5], "texture": "#door_bottom"},
				"east": {"uv": [14, 5.5, 13.5, 6.5], "texture": "#door_bottom"},
				"south": {"uv": [13.5, 5.5, 14, 6.5], "texture": "#door_bottom"},
				"west": {"uv": [13.5, 5.5, 14, 6.5], "texture": "#door_bottom", "cullface": "west"},
				"up": {"uv": [13.5, 5.5, 14, 6], "rotation": 90, "texture": "#door_bottom"},
				"down": {"uv": [13.5, 6, 14, 6.5], "rotation": 90, "texture": "#door_bottom"}
			}
		},
		{
			"name": "19",
			"from": [-0.25, 9, 14],
			"to": [3.25, 10, 15],
			"faces": {
				"north": {"uv": [14, 6, 14.5, 7], "texture": "#door_bottom"},
				"east": {"uv": [15, 6, 14, 7], "texture": "#door_bottom"},
				"south": {"uv": [14.5, 6, 15, 7], "texture": "#door_bottom"},
				"west": {"uv": [14, 6, 15, 7], "texture": "#door_bottom", "cullface": "west"},
				"up": {"uv": [14, 6, 15, 6.5], "rotation": 90, "texture": "#door_bottom"},
				"down": {"uv": [14, 6.5, 15, 7], "rotation": 90, "texture": "#door_bottom"}
			}
		},
		{
			"name": "20",
			"from": [-0.25, 9, 15],
			"to": [3.25, 9.5, 15.5],
			"faces": {
				"east": {"uv": [15.5, 6.5, 15, 7], "texture": "#door_bottom"},
				"south": {"uv": [15, 6.5, 15.5, 7], "texture": "#door_bottom"},
				"west": {"uv": [15, 6.5, 15.5, 7], "texture": "#door_bottom", "cullface": "west"},
				"up": {"uv": [15, 6.5, 15.5, 7], "rotation": 90, "texture": "#door_bottom"},
				"down": {"uv": [15, 6.5, 15.5, 7], "rotation": 90, "texture": "#door_bottom"}
			}
		},
		{
			"name": "21",
			"from": [3, 6.5, 0],
			"to": [3.25, 7.5, 1],
			"faces": {
				"north": {"uv": [0, 8.5, 0.5, 9.5], "texture": "#door_bottom", "cullface": "north"},
				"east": {"uv": [1, 8.5, 0, 9.5], "texture": "#door_bottom"},
				"south": {"uv": [0.5, 8.5, 1, 9.5], "texture": "#door_bottom"},
				"up": {"uv": [0, 8.5, 1, 9], "rotation": 90, "texture": "#door_bottom"},
				"down": {"uv": [0, 9, 1, 9.5], "rotation": 90, "texture": "#door_bottom"}
			}
		},
		{
			"name": "1",
			"from": [-0.25, 0.5, 9],
			"to": [3.25, 1, 10],
			"faces": {
				"north": {"uv": [9, 15, 9.5, 15.5], "texture": "#door_bottom"},
				"east": {"uv": [10, 15, 9, 15.5], "texture": "#door_bottom"},
				"south": {"uv": [9.5, 15, 10, 15.5], "texture": "#door_bottom"},
				"west": {"uv": [9, 15, 10, 15.5], "texture": "#door_bottom", "cullface": "west"},
				"up": {"uv": [9, 15, 10, 15.5], "rotation": 90, "texture": "#door_bottom"},
				"down": {"uv": [9, 15, 10, 15.5], "rotation": 90, "texture": "#door_bottom"}
			}
		},
		{
			"name": "2",
			"from": [-0.25, 1, 9.5],
			"to": [3.25, 1.5, 11.5],
			"faces": {
				"north": {"uv": [9.5, 14.5, 10, 15], "texture": "#door_bottom"},
				"east": {"uv": [11.5, 14.5, 9.5, 15], "texture": "#door_bottom"},
				"south": {"uv": [11, 14.5, 11.5, 15], "texture": "#door_bottom"},
				"west": {"uv": [9.5, 14.5, 11.5, 15], "texture": "#door_bottom", "cullface": "west"},
				"up": {"uv": [9.5, 14.5, 11.5, 15], "rotation": 90, "texture": "#door_bottom"},
				"down": {"uv": [9.5, 14.5, 11.5, 15], "rotation": 90, "texture": "#door_bottom"}
			}
		},
		{
			"name": "3",
			"from": [-0.25, 1.5, 11],
			"to": [3.25, 2.5, 11.5],
			"faces": {
				"north": {"uv": [11, 13.5, 11.5, 14.5], "texture": "#door_bottom"},
				"east": {"uv": [11.5, 13.5, 11, 14.5], "texture": "#door_bottom"},
				"south": {"uv": [11, 13.5, 11.5, 14.5], "texture": "#door_bottom"},
				"west": {"uv": [11, 13.5, 11.5, 14.5], "texture": "#door_bottom", "cullface": "west"},
				"up": {"uv": [11, 13.5, 11.5, 14], "rotation": 90, "texture": "#door_bottom"}
			}
		},
		{
			"name": "4",
			"from": [-0.25, 2, 11.5],
			"to": [3.25, 3, 12],
			"faces": {
				"north": {"uv": [11.5, 13, 12, 14], "texture": "#door_bottom"},
				"east": {"uv": [12, 13, 11.5, 14], "texture": "#door_bottom"},
				"south": {"uv": [11.5, 13, 12, 14], "texture": "#door_bottom"},
				"west": {"uv": [11.5, 13, 12, 14], "texture": "#door_bottom", "cullface": "west"},
				"up": {"uv": [11.5, 13, 12, 13.5], "rotation": 90, "texture": "#door_bottom"},
				"down": {"uv": [11.5, 13.5, 12, 14], "rotation": 90, "texture": "#door_bottom"}
			}
		},
		{
			"name": "5",
			"from": [-0.25, 2.5, 12],
			"to": [3.25, 4.5, 12.5],
			"faces": {
				"north": {"uv": [12, 11.5, 12.5, 13.5], "texture": "#door_bottom"},
				"east": {"uv": [12.5, 11.5, 12, 13.5], "texture": "#door_bottom"},
				"south": {"uv": [12, 11.5, 12.5, 13.5], "texture": "#door_bottom"},
				"west": {"uv": [12, 11.5, 12.5, 13.5], "texture": "#door_bottom", "cullface": "west"},
				"up": {"uv": [12, 11.5, 12.5, 12], "rotation": 90, "texture": "#door_bottom"},
				"down": {"uv": [12, 13, 12.5, 13.5], "rotation": 90, "texture": "#door_bottom"}
			}
		},
		{
			"name": "6",
			"from": [-0.25, 4, 12.5],
			"to": [3.25, 5.5, 13],
			"faces": {
				"north": {"uv": [12.5, 10.5, 13, 12], "texture": "#door_bottom"},
				"east": {"uv": [13, 10.5, 12.5, 12], "texture": "#door_bottom"},
				"south": {"uv": [12.5, 10.5, 13, 12], "texture": "#door_bottom"},
				"west": {"uv": [12.5, 10.5, 13, 12], "texture": "#door_bottom", "cullface": "west"},
				"up": {"uv": [12.5, 10.5, 13, 11], "rotation": 90, "texture": "#door_bottom"},
				"down": {"uv": [12.5, 11.5, 13, 12], "rotation": 90, "texture": "#door_bottom"}
			}
		},
		{
			"name": "7",
			"from": [-0.25, 5, 13],
			"to": [3.25, 6, 13.5],
			"faces": {
				"north": {"uv": [13, 10, 13.5, 11], "texture": "#door_bottom"},
				"east": {"uv": [13.5, 10, 13, 11], "texture": "#door_bottom"},
				"south": {"uv": [13, 10, 13.5, 11], "texture": "#door_bottom"},
				"west": {"uv": [13, 10, 13.5, 11], "texture": "#door_bottom", "cullface": "west"},
				"up": {"uv": [13, 10, 13.5, 10.5], "rotation": 90, "texture": "#door_bottom"},
				"down": {"uv": [13, 10.5, 13.5, 11], "rotation": 90, "texture": "#door_bottom"}
			}
		},
		{
			"name": "8",
			"from": [-0.25, 5.5, 13.5],
			"to": [3.25, 6, 14.5],
			"faces": {
				"east": {"uv": [14.5, 10, 13.5, 10.5], "texture": "#door_bottom"},
				"west": {"uv": [13.5, 10, 14.5, 10.5], "texture": "#door_bottom", "cullface": "west"},
				"up": {"uv": [13.5, 10, 14.5, 10.5], "rotation": 90, "texture": "#door_bottom"},
				"down": {"uv": [13.5, 10, 14.5, 10.5], "rotation": 90, "texture": "#door_bottom"}
			}
		},
		{
			"name": "9",
			"from": [-0.25, 5, 14.5],
			"to": [3.25, 6, 15],
			"faces": {
				"north": {"uv": [14.5, 10, 15, 11], "texture": "#door_bottom"},
				"east": {"uv": [15, 10, 14.5, 11], "texture": "#door_bottom"},
				"south": {"uv": [14.5, 10, 15, 11], "texture": "#door_bottom"},
				"west": {"uv": [14.5, 10, 15, 11], "texture": "#door_bottom", "cullface": "west"},
				"up": {"uv": [14.5, 10, 15, 10.5], "rotation": 90, "texture": "#door_bottom"},
				"down": {"uv": [14.5, 10.5, 15, 11], "rotation": 90, "texture": "#door_bottom"}
			}
		},
		{
			"name": "10",
			"from": [-0.25, 4.5, 15],
			"to": [3.25, 5.5, 15.5],
			"faces": {
				"north": {"uv": [15, 10.5, 15.5, 11.5], "texture": "#door_bottom"},
				"east": {"uv": [15.5, 10.5, 15, 11.5], "texture": "#door_bottom"},
				"south": {"uv": [15, 10.5, 15.5, 11.5], "texture": "#door_bottom"},
				"west": {"uv": [15, 10.5, 15.5, 11.5], "texture": "#door_bottom", "cullface": "west"},
				"up": {"uv": [15, 10.5, 15.5, 11], "rotation": 90, "texture": "#door_bottom"},
				"down": {"uv": [15, 11, 15.5, 11.5], "rotation": 90, "texture": "#door_bottom"}
			}
		},
		{
			"name": "11",
			"from": [-0.25, 4, 15.5],
			"to": [0, 5, 16],
			"faces": {
				"north": {"uv": [15.5, 11, 16, 12], "texture": "#door_bottom", "cullface": "west"},
				"south": {"uv": [15.5, 11, 16, 12], "texture": "#door_bottom", "cullface": "west"},
				"west": {"uv": [15.5, 11, 16, 12], "texture": "#door_bottom", "cullface": "west"},
				"up": {"uv": [15.5, 11, 16, 11.5], "rotation": 90, "texture": "#door_bottom", "cullface": "west"},
				"down": {"uv": [15.5, 11.5, 16, 12], "rotation": 90, "texture": "#door_bottom", "cullface": "west"}
			}
		},
		{
			"name": "12",
			"from": [3, 4, 15.5],
			"to": [3.25, 5, 16],
			"faces": {
				"north": {"uv": [15.5, 11, 16, 12], "texture": "#door_bottom"},
				"east": {"uv": [16, 11, 15.5, 12], "texture": "#door_bottom"},
				"south": {"uv": [15.5, 11, 16, 12], "texture": "#door_bottom", "cullface": "south"},
				"up": {"uv": [15.5, 11, 16, 11.5], "rotation": 90, "texture": "#door_bottom"},
				"down": {"uv": [15.5, 11.5, 16, 12], "rotation": 90, "texture": "#door_bottom"}
			}
		},
		{
			"name": "main",
			"from": [0, 0, 0],
			"to": [3, 16, 16],
			"faces": {
				"north": {"uv": [3, 0, 0, 16], "texture": "#side_bottom_hinge", "cullface": "north"},
				"east": {"uv": [16, 0, 0, 16], "texture": "#door_bottom"},
				"south": {"uv": [0, 0, 3, 16], "texture": "#side_bottom", "cullface": "south"},
				"west": {"uv": [0, 0, 16, 16], "texture": "#door_bottom", "cullface": "west"},
				"down": {"uv": [0, 0, 16, 3], "rotation": 270, "texture": "#bottom", "cullface": "down"}
			}
		},
		{
			"name": "1",
			"from": [-0.5, 15, 10.5],
			"to": [3.5, 15.5, 13],
			"faces": {
				"north": {"uv": [10.5, 0.5, 11, 1], "texture": "#door_bottom"},
				"east": {"uv": [13, 0.5, 10.5, 1], "texture": "#door_bottom"},
				"south": {"uv": [12.5, 0.5, 13, 1], "texture": "#door_bottom"},
				"west": {"uv": [10.5, 0.5, 13, 1], "texture": "#door_bottom", "cullface": "west"},
				"down": {"uv": [10.5, 0.5, 13, 1], "texture": "#door_bottom"}
			}
		},
		{
			"name": "2",
			"from": [-0.5, 15.5, 10],
			"to": [3.5, 16, 13.5],
			"faces": {
				"north": {"uv": [10, 0, 10.5, 0.5], "texture": "#door_bottom"},
				"east": {"uv": [13.5, 0, 10, 0.5], "texture": "#door_bottom"},
				"south": {"uv": [13, 0, 13.5, 0.5], "texture": "#door_bottom"},
				"west": {"uv": [10, 0, 13.5, 0.5], "texture": "#door_bottom", "cullface": "west"},
				"down": {"uv": [10, 0, 13.5, 0.5], "texture": "#door_bottom"}
			}
		},
		{
			"name": "1",
			"from": [-0.25, 29.5, 0.5],
			"to": [3.25, 30.5, 1],
			"faces": {
				"north": {"uv": [0.5, 1.5, 1, 2.5], "texture": "#door_top"},
				"east": {"uv": [1, 1.5, 0.5, 2.5], "texture": "#door_top"},
				"south": {"uv": [0.5, 1.5, 1, 2.5], "texture": "#door_top"},
				"west": {"uv": [0.5, 1.5, 1, 2.5], "texture": "#door_top", "cullface": "west"},
				"up": {"uv": [0.5, 1.5, 1, 2], "texture": "#door_top"},
				"down": {"uv": [0.5, 2, 1, 2.5], "texture": "#door_top"}
			}
		},
		{
			"name": "2",
			"from": [-0.25, 29, 1],
			"to": [3.25, 30, 1.5],
			"faces": {
				"north": {"uv": [1, 2, 1.5, 3], "texture": "#door_top"},
				"east": {"uv": [1.5, 2, 1, 3], "texture": "#door_top"},
				"south": {"uv": [1, 2, 1.5, 3], "texture": "#door_top"},
				"west": {"uv": [1, 2, 1.5, 3], "texture": "#door_top", "cullface": "west"},
				"up": {"uv": [1, 2, 1.5, 2.5], "texture": "#door_top"},
				"down": {"uv": [1, 2.5, 1.5, 3], "texture": "#door_top"}
			}
		},
		{
			"name": "3",
			"from": [-0.25, 29, 1.5],
			"to": [3.25, 29.5, 2.5],
			"faces": {
				"east": {"uv": [2.5, 2.5, 1.5, 3], "texture": "#door_top"},
				"south": {"uv": [2, 2.5, 2.5, 3], "texture": "#door_top"},
				"west": {"uv": [1.5, 2.5, 2.5, 3], "texture": "#door_top", "cullface": "west"},
				"up": {"uv": [1.5, 2.5, 2.5, 3], "texture": "#door_top"},
				"down": {"uv": [1.5, 2.5, 2.5, 3], "texture": "#door_top"}
			}
		},
		{
			"name": "4",
			"from": [-0.25, 28.5, 2],
			"to": [3.25, 29, 4.5],
			"faces": {
				"north": {"uv": [2, 3, 2.5, 3.5], "texture": "#door_top"},
				"east": {"uv": [4.5, 3, 2, 3.5], "texture": "#door_top"},
				"south": {"uv": [4, 3, 4.5, 3.5], "texture": "#door_top"},
				"west": {"uv": [2, 3, 4.5, 3.5], "texture": "#door_top", "cullface": "west"},
				"up": {"uv": [2, 3, 4.5, 3.5], "texture": "#door_top"},
				"down": {"uv": [2, 3, 4.5, 3.5], "rotation": 270, "texture": "#door_top"}
			}
		},
		{
			"name": "5",
			"from": [-0.25, 23.5, 0.5],
			"to": [3.25, 24, 1.5],
			"faces": {
				"north": {"uv": [0.5, 8, 1, 8.5], "texture": "#door_top"},
				"east": {"uv": [1.5, 8, 0.5, 8.5], "texture": "#door_top"},
				"south": {"uv": [1, 8, 1.5, 8.5], "texture": "#door_top"},
				"west": {"uv": [0.5, 8, 1.5, 8.5], "texture": "#door_top", "cullface": "west"},
				"up": {"uv": [0.5, 8, 1.5, 8.5], "rotation": 90, "texture": "#door_top"},
				"down": {"uv": [0.5, 8, 1.5, 8.5], "rotation": 270, "texture": "#door_top"}
			}
		},
		{
			"name": "6",
			"from": [-0.25, 24, 1],
			"to": [3.25, 24.5, 2.5],
			"faces": {
				"north": {"uv": [1, 7.5, 1.5, 8], "texture": "#door_top"},
				"east": {"uv": [2.5, 7.5, 1, 8], "texture": "#door_top"},
				"south": {"uv": [2, 7.5, 2.5, 8], "texture": "#door_top"},
				"west": {"uv": [1, 7.5, 2.5, 8], "texture": "#door_top", "cullface": "west"},
				"up": {"uv": [1, 7.5, 2.5, 8], "texture": "#door_top"},
				"down": {"uv": [1, 7.5, 2.5, 8], "texture": "#door_top"}
			}
		},
		{
			"name": "7",
			"from": [-0.25, 24.5, 1.5],
			"to": [3.25, 25, 3],
			"faces": {
				"north": {"uv": [1.5, 7, 2, 7.5], "texture": "#door_top"},
				"east": {"uv": [3, 7, 1.5, 7.5], "texture": "#door_top"},
				"south": {"uv": [2.5, 7, 3, 7.5], "texture": "#door_top"},
				"west": {"uv": [1.5, 7, 3, 7.5], "texture": "#door_top", "cullface": "west"},
				"up": {"uv": [1.5, 7, 3, 7.5], "texture": "#door_top"},
				"down": {"uv": [1.5, 7, 3, 7.5], "texture": "#door_top"}
			}
		},
		{
			"name": "8",
			"from": [-0.25, 25, 2.5],
			"to": [3.25, 25.5, 3.5],
			"faces": {
				"north": {"uv": [2.5, 6.5, 3, 7], "texture": "#door_top"},
				"east": {"uv": [3.5, 6.5, 2.5, 7], "texture": "#door_top"},
				"south": {"uv": [3, 6.5, 3.5, 7], "texture": "#door_top"},
				"west": {"uv": [2.5, 6.5, 3.5, 7], "texture": "#door_top", "cullface": "west"},
				"up": {"uv": [2.5, 6.5, 3.5, 7], "texture": "#door_top"},
				"down": {"uv": [2.5, 6.5, 3.5, 7], "texture": "#door_top"}
			}
		},
		{
			"name": "9",
			"from": [-0.25, 25.5, 3],
			"to": [3.25, 26, 4],
			"faces": {
				"north": {"uv": [3, 6, 3.5, 6.5], "texture": "#door_top"},
				"east": {"uv": [4, 6, 3, 6.5], "texture": "#door_top"},
				"south": {"uv": [3.5, 6, 4, 6.5], "texture": "#door_top"},
				"west": {"uv": [3, 6, 4, 6.5], "texture": "#door_top", "cullface": "west"},
				"up": {"uv": [3, 6, 4, 6.5], "rotation": 90, "texture": "#door_top"},
				"down": {"uv": [3, 6, 4, 6.5], "rotation": 270, "texture": "#door_top"}
			}
		},
		{
			"name": "10",
			"from": [-0.25, 26, 3.5],
			"to": [3.25, 27, 4],
			"faces": {
				"north": {"uv": [3.5, 5, 4, 6], "texture": "#door_top"},
				"east": {"uv": [4, 5, 3.5, 6], "texture": "#door_top"},
				"south": {"uv": [3.5, 5, 4, 6], "texture": "#door_top"},
				"west": {"uv": [3.5, 5, 4, 6], "texture": "#door_top", "cullface": "west"},
				"up": {"uv": [3.5, 5, 4, 5.5], "texture": "#door_top"}
			}
		},
		{
			"name": "11",
			"from": [-0.25, 26.5, 4],
			"to": [3.25, 28.5, 4.5],
			"faces": {
				"north": {"uv": [4, 3.5, 4.5, 5.5], "texture": "#door_top"},
				"east": {"uv": [4.5, 3.5, 4, 5.5], "texture": "#door_top"},
				"south": {"uv": [4, 3.5, 4.5, 5.5], "texture": "#door_top"},
				"west": {"uv": [4, 3.5, 4.5, 5.5], "texture": "#door_top", "cullface": "west"},
				"down": {"uv": [4, 5, 4.5, 5.5], "texture": "#door_top"}
			}
		},
		{
			"name": "12",
			"from": [-0.25, 28, 3.5],
			"to": [3.25, 28.5, 4],
			"faces": {
				"north": {"uv": [3.5, 3.5, 4, 4], "texture": "#door_top"},
				"east": {"uv": [4, 3.5, 3.5, 4], "texture": "#door_top"},
				"west": {"uv": [3.5, 3.5, 4, 4], "texture": "#door_top", "cullface": "west"},
				"down": {"uv": [3.5, 3.5, 4, 4], "texture": "#door_top"}
			}
		},
		{
			"name": "13",
			"from": [-0.25, 27.5, 4.5],
			"to": [3.25, 28.5, 6],
			"faces": {
				"east": {"uv": [6, 3.5, 4.5, 4.5], "texture": "#door_top"},
				"south": {"uv": [5.5, 3.5, 6, 4.5], "texture": "#door_top"},
				"west": {"uv": [4.5, 3.5, 6, 4.5], "texture": "#door_top", "cullface": "west"},
				"up": {"uv": [4.5, 3.5, 6, 4], "rotation": 90, "texture": "#door_top"},
				"down": {"uv": [4.5, 4, 6, 4.5], "texture": "#door_top"}
			}
		},
		{
			"name": "14",
			"from": [-0.25, 28, 6],
			"to": [3.25, 28.5, 7],
			"faces": {
				"east": {"uv": [7, 3.5, 6, 4], "texture": "#door_top"},
				"south": {"uv": [6.5, 3.5, 7, 4], "texture": "#door_top"},
				"west": {"uv": [6, 3.5, 7, 4], "texture": "#door_top", "cullface": "west"},
				"up": {"uv": [6, 3.5, 7, 4], "texture": "#door_top"},
				"down": {"uv": [6, 3.5, 7, 4], "rotation": 270, "texture": "#door_top"}
			}
		},
		{
			"name": "15",
			"from": [-0.25, 28.5, 6.5],
			"to": [3.25, 29, 8],
			"faces": {
				"north": {"uv": [6.5, 3, 7, 3.5], "texture": "#door_top"},
				"east": {"uv": [8, 3, 6.5, 3.5], "texture": "#door_top"},
				"south": {"uv": [7.5, 3, 8, 3.5], "texture": "#door_top"},
				"west": {"uv": [6.5, 3, 8, 3.5], "texture": "#door_top", "cullface": "west"},
				"up": {"uv": [6.5, 3, 8, 3.5], "texture": "#door_top"},
				"down": {"uv": [6.5, 3, 8, 3.5], "texture": "#door_top"}
			}
		},
		{
			"name": "16",
			"from": [-0.25, 29, 7],
			"to": [3.25, 29.5, 8.5],
			"faces": {
				"north": {"uv": [7, 2.5, 7.5, 3], "texture": "#door_top"},
				"east": {"uv": [8.5, 2.5, 7, 3], "texture": "#door_top"},
				"south": {"uv": [8, 2.5, 8.5, 3], "texture": "#door_top"},
				"west": {"uv": [7, 2.5, 8.5, 3], "texture": "#door_top", "cullface": "west"},
				"up": {"uv": [7, 2.5, 8.5, 3], "texture": "#door_top"},
				"down": {"uv": [7, 2.5, 8.5, 3], "texture": "#door_top"}
			}
		},
		{
			"name": "17",
			"from": [-0.25, 29.5, 8],
			"to": [3.25, 30.5, 8.5],
			"faces": {
				"north": {"uv": [8, 1.5, 8.5, 2.5], "texture": "#door_top"},
				"east": {"uv": [8.5, 1.5, 8, 2.5], "texture": "#door_top"},
				"south": {"uv": [8, 1.5, 8.5, 2.5], "texture": "#door_top"},
				"west": {"uv": [8, 1.5, 8.5, 2.5], "texture": "#door_top", "cullface": "west"},
				"up": {"uv": [8, 1.5, 8.5, 2], "texture": "#door_top"}
			}
		},
		{
			"name": "18",
			"from": [-0.25, 30, 8.5],
			"to": [3.25, 31.5, 9],
			"faces": {
				"north": {"uv": [8.5, 0.5, 9, 2], "texture": "#door_top"},
				"east": {"uv": [9, 0.5, 8.5, 2], "texture": "#door_top"},
				"south": {"uv": [8.5, 0.5, 9, 2], "texture": "#door_top"},
				"west": {"uv": [8.5, 0.5, 9, 2], "texture": "#door_top", "cullface": "west"},
				"up": {"uv": [8.5, 0.5, 9, 1], "texture": "#door_top"},
				"down": {"uv": [8.5, 1.5, 9, 2], "texture": "#door_top"}
			}
		},
		{
			"name": "1",
			"from": [-0.25, 30, 12],
			"to": [3.25, 31.5, 12.5],
			"faces": {
				"north": {"uv": [12, 0.5, 12.5, 2], "texture": "#door_top"},
				"east": {"uv": [12.5, 0.5, 12, 2], "texture": "#door_top"},
				"south": {"uv": [12, 0.5, 12.5, 2], "texture": "#door_top"},
				"west": {"uv": [12, 0.5, 12.5, 2], "texture": "#door_top", "cullface": "west"},
				"up": {"uv": [12, 0.5, 12.5, 1], "texture": "#door_top"},
				"down": {"uv": [12, 1.5, 12.5, 2], "texture": "#door_top"}
			}
		},
		{
			"name": "2",
			"from": [-0.25, 29.5, 12.5],
			"to": [3.25, 31, 13],
			"faces": {
				"north": {"uv": [12.5, 1, 13, 2.5], "texture": "#door_top"},
				"east": {"uv": [13, 1, 12.5, 2.5], "texture": "#door_top"},
				"south": {"uv": [12.5, 1, 13, 2.5], "texture": "#door_top"},
				"west": {"uv": [12.5, 1, 13, 2.5], "texture": "#door_top", "cullface": "west"},
				"up": {"uv": [12.5, 1, 13, 1.5], "texture": "#door_top"},
				"down": {"uv": [12.5, 2, 13, 2.5], "texture": "#door_top"}
			}
		},
		{
			"name": "3",
			"from": [-0.25, 29, 13],
			"to": [3.25, 30.5, 13.5],
			"faces": {
				"north": {"uv": [13, 1.5, 13.5, 3], "texture": "#door_top"},
				"east": {"uv": [13.5, 1.5, 13, 3], "texture": "#door_top"},
				"south": {"uv": [13, 1.5, 13.5, 3], "texture": "#door_top"},
				"west": {"uv": [13, 1.5, 13.5, 3], "texture": "#door_top", "cullface": "west"},
				"up": {"uv": [13, 1.5, 13.5, 2], "texture": "#door_top"},
				"down": {"uv": [13, 2.5, 13.5, 3], "texture": "#door_top"}
			}
		},
		{
			"name": "4",
			"from": [-0.25, 29, 13.5],
			"to": [3.25, 30, 14.5],
			"faces": {
				"east": {"uv": [14.5, 2, 13.5, 3], "texture": "#door_top"},
				"south": {"uv": [14, 2, 14.5, 3], "texture": "#door_top"},
				"west": {"uv": [13.5, 2, 14.5, 3], "texture": "#door_top", "cullface": "west"},
				"up": {"uv": [13.5, 2, 14.5, 2.5], "texture": "#door_top"},
				"down": {"uv": [13.5, 2.5, 14.5, 3], "rotation": 270, "texture": "#door_top"}
			}
		},
		{
			"name": "5",
			"from": [-0.25, 29, 14.5],
			"to": [0, 29.5, 16],
			"faces": {
				"south": {"uv": [15.5, 2.5, 16, 3], "texture": "#door_top", "cullface": "west"},
				"west": {"uv": [14.5, 2.5, 16, 3], "texture": "#door_top", "cullface": "west"},
				"up": {"uv": [14.5, 2.5, 16, 3], "rotation": 90, "texture": "#door_top", "cullface": "west"},
				"down": {"uv": [14.5, 2.5, 16, 3], "rotation": 270, "texture": "#door_top", "cullface": "west"}
			}
		},
		{
			"name": "6",
			"from": [3, 29, 14.5],
			"to": [3.25, 29.5, 16],
			"faces": {
				"east": {"uv": [16, 2.5, 14.5, 3], "texture": "#door_top"},
				"south": {"uv": [15.5, 2.5, 16, 3], "texture": "#door_top", "cullface": "south"},
				"up": {"uv": [14.5, 2.5, 16, 3], "rotation": 90, "texture": "#door_top"},
				"down": {"uv": [14.5, 2.5, 16, 3], "rotation": 270, "texture": "#door_top"}
			}
		},
		{
			"name": "1",
			"from": [-0.25, 21.5, 12],
			"to": [3.25, 22.5, 12.5],
			"faces": {
				"north": {"uv": [12, 9.5, 12.5, 10.5], "texture": "#door_top"},
				"east": {"uv": [12.5, 9.5, 12, 10.5], "texture": "#door_top"},
				"south": {"uv": [12, 9.5, 12.5, 10.5], "texture": "#door_top"},
				"west": {"uv": [12, 9.5, 12.5, 10.5], "texture": "#door_top", "cullface": "west"},
				"up": {"uv": [12, 9.5, 12.5, 10], "texture": "#door_top"},
				"down": {"uv": [12, 10, 12.5, 10.5], "texture": "#door_top"}
			}
		},
		{
			"name": "2",
			"from": [-0.25, 22, 12.5],
			"to": [3.25, 23, 13],
			"faces": {
				"north": {"uv": [12.5, 9, 13, 10], "texture": "#door_top"},
				"east": {"uv": [13, 9, 12.5, 10], "texture": "#door_top"},
				"south": {"uv": [12.5, 9, 13, 10], "texture": "#door_top"},
				"west": {"uv": [12.5, 9, 13, 10], "texture": "#door_top", "cullface": "west"},
				"up": {"uv": [12.5, 9, 13, 9.5], "texture": "#door_top"},
				"down": {"uv": [12.5, 9.5, 13, 10], "texture": "#door_top"}
			}
		},
		{
			"name": "3",
			"from": [-0.25, 22.5, 13],
			"to": [3.25, 23, 14],
			"faces": {
				"east": {"uv": [14, 9, 13, 9.5], "texture": "#door_top"},
				"south": {"uv": [13.5, 9, 14, 9.5], "texture": "#door_top"},
				"west": {"uv": [13, 9, 14, 9.5], "texture": "#door_top", "cullface": "west"},
				"down": {"uv": [13, 9, 14, 9.5], "rotation": 270, "texture": "#door_top"}
			}
		},
		{
			"name": "4",
			"from": [-0.25, 23, 13],
			"to": [3.25, 23.5, 15],
			"faces": {
				"north": {"uv": [13, 8.5, 13.5, 9], "texture": "#door_top"},
				"east": {"uv": [15, 8.5, 13, 9], "texture": "#door_top"},
				"south": {"uv": [14.5, 8.5, 15, 9], "texture": "#door_top"},
				"west": {"uv": [13, 8.5, 15, 9], "texture": "#door_top", "cullface": "west"},
				"up": {"uv": [13, 8.5, 15, 9], "rotation": 90, "texture": "#door_top"},
				"down": {"uv": [13, 8.5, 15, 9], "rotation": 270, "texture": "#door_top"}
			}
		},
		{
			"name": "5",
			"from": [-0.25, 23.5, 13.5],
			"to": [3.25, 24, 15.5],
			"faces": {
				"north": {"uv": [13.5, 8, 14, 8.5], "texture": "#door_top"},
				"east": {"uv": [15.5, 8, 13.5, 8.5], "texture": "#door_top"},
				"south": {"uv": [15, 8, 15.5, 8.5], "texture": "#door_top"},
				"west": {"uv": [13.5, 8, 15.5, 8.5], "texture": "#door_top", "cullface": "west"},
				"up": {"uv": [13.5, 8, 15.5, 8.5], "rotation": 90, "texture": "#door_top"},
				"down": {"uv": [13.5, 8, 15.5, 8.5], "rotation": 270, "texture": "#door_top"}
			}
		},
		{
			"name": "6",
			"from": [-0.25, 24, 15],
			"to": [0, 24.5, 16],
			"faces": {
				"north": {"uv": [15, 7.5, 15.5, 8], "texture": "#door_top", "cullface": "west"},
				"south": {"uv": [15.5, 7.5, 16, 8], "texture": "#door_top", "cullface": "west"},
				"west": {"uv": [15, 7.5, 16, 8], "texture": "#door_top", "cullface": "west"},
				"up": {"uv": [15, 7.5, 16, 8], "rotation": 90, "texture": "#door_top", "cullface": "west"},
				"down": {"uv": [15, 7.5, 16, 8], "rotation": 270, "texture": "#door_top", "cullface": "west"}
			}
		},
		{
			"name": "7",
			"from": [3, 24, 15],
			"to": [3.25, 24.5, 16],
			"faces": {
				"north": {"uv": [15, 7.5, 15.5, 8], "texture": "#door_top"},
				"east": {"uv": [16, 7.5, 15, 8], "texture": "#door_top"},
				"south": {"uv": [15.5, 7.5, 16, 8], "texture": "#door_top", "cullface": "south"},
				"up": {"uv": [15, 7.5, 16, 8], "rotation": 90, "texture": "#door_top"},
				"down": {"uv": [15, 7.5, 16, 8], "rotation": 270, "texture": "#door_top"}
			}
		},
		{
			"name": "1",
			"from": [-0.25, 16, 6.5],
			"to": [3.25, 18, 7],
			"faces": {
				"north": {"uv": [6.5, 14, 7, 16], "texture": "#door_top"},
				"east": {"uv": [7, 14, 6.5, 16], "texture": "#door_top"},
				"south": {"uv": [6.5, 14, 7, 16], "texture": "#door_top"},
				"west": {"uv": [6.5, 14, 7, 16], "texture": "#door_top", "cullface": "west"},
				"up": {"uv": [6.5, 14, 7, 14.5], "texture": "#door_top"}
			}
		},
		{
			"name": "2",
			"from": [-0.25, 16.5, 7],
			"to": [3.25, 19.5, 7.5],
			"faces": {
				"north": {"uv": [7, 12.5, 7.5, 15.5], "texture": "#door_top"},
				"east": {"uv": [7.5, 12.5, 7, 15.5], "texture": "#door_top"},
				"south": {"uv": [7, 12.5, 7.5, 15.5], "texture": "#door_top"},
				"west": {"uv": [7, 12.5, 7.5, 15.5], "texture": "#door_top", "cullface": "west"},
				"up": {"uv": [7, 12.5, 7.5, 13], "texture": "#door_top"},
				"down": {"uv": [7, 15, 7.5, 15.5], "texture": "#door_top"}
			}
		},
		{
			"name": "3",
			"from": [-0.25, 18.5, 7.5],
			"to": [3.25, 20, 8],
			"faces": {
				"north": {"uv": [7.5, 12, 8, 13.5], "texture": "#door_top"},
				"east": {"uv": [8, 12, 7.5, 13.5], "texture": "#door_top"},
				"south": {"uv": [7.5, 12, 8, 13.5], "texture": "#door_top"},
				"west": {"uv": [7.5, 12, 8, 13.5], "texture": "#door_top", "cullface": "west"},
				"up": {"uv": [7.5, 12, 8, 12.5], "texture": "#door_top"},
				"down": {"uv": [7.5, 13, 8, 13.5], "texture": "#door_top"}
			}
		},
		{
			"name": "4",
			"from": [-0.25, 19.5, 8],
			"to": [3.25, 20.5, 8.5],
			"faces": {
				"north": {"uv": [8, 11.5, 8.5, 12.5], "texture": "#door_top"},
				"east": {"uv": [8.5, 11.5, 8, 12.5], "texture": "#door_top"},
				"south": {"uv": [8, 11.5, 8.5, 12.5], "texture": "#door_top"},
				"west": {"uv": [8, 11.5, 8.5, 12.5], "texture": "#door_top", "cullface": "west"},
				"up": {"uv": [8, 11.5, 8.5, 12], "texture": "#door_top"},
				"down": {"uv": [8, 12, 8.5, 12.5], "texture": "#door_top"}
			}
		},
		{
			"name": "5",
			"from": [-0.25, 20, 8.5],
			"to": [3.25, 20.5, 9.5],
			"faces": {
				"east": {"uv": [9.5, 11.5, 8.5, 12], "texture": "#door_top"},
				"south": {"uv": [9, 11.5, 9.5, 12], "texture": "#door_top"},
				"west": {"uv": [8.5, 11.5, 9.5, 12], "texture": "#door_top", "cullface": "west"},
				"up": {"uv": [8.5, 11.5, 9.5, 12], "rotation": 90, "texture": "#door_top"},
				"down": {"uv": [8.5, 11.5, 9.5, 12], "rotation": 270, "texture": "#door_top"}
			}
		},
		{
			"name": "6",
			"from": [-0.25, 20.5, 9],
			"to": [3.25, 21, 11.5],
			"faces": {
				"north": {"uv": [9, 11, 9.5, 11.5], "texture": "#door_top"},
				"east": {"uv": [11.5, 11, 9, 11.5], "texture": "#door_top"},
				"south": {"uv": [11, 11, 11.5, 11.5], "texture": "#door_top"},
				"west": {"uv": [9, 11, 11.5, 11.5], "texture": "#door_top", "cullface": "west"},
				"up": {"uv": [9, 11, 11.5, 11.5], "rotation": 90, "texture": "#door_top"},
				"down": {"uv": [9, 11, 11.5, 11.5], "rotation": 270, "texture": "#door_top"}
			}
		},
		{
			"name": "7",
			"from": [-0.25, 20, 10.5],
			"to": [3.25, 20.5, 12.5],
			"faces": {
				"north": {"uv": [10.5, 11.5, 11, 12], "texture": "#door_top"},
				"east": {"uv": [12.5, 11.5, 10.5, 12], "texture": "#door_top"},
				"south": {"uv": [12, 11.5, 12.5, 12], "texture": "#door_top"},
				"west": {"uv": [10.5, 11.5, 12.5, 12], "texture": "#door_top", "cullface": "west"},
				"up": {"uv": [10.5, 11.5, 12.5, 12], "rotation": 90, "texture": "#door_top"},
				"down": {"uv": [10.5, 11.5, 12.5, 12], "rotation": 270, "texture": "#door_top"}
			}
		},
		{
			"name": "8",
			"from": [-0.25, 19.5, 11.5],
			"to": [3.25, 20, 14.5],
			"faces": {
				"north": {"uv": [11.5, 12, 12, 12.5], "texture": "#door_top"},
				"east": {"uv": [14.5, 12, 11.5, 12.5], "texture": "#door_top"},
				"south": {"uv": [14, 12, 14.5, 12.5], "texture": "#door_top"},
				"west": {"uv": [11.5, 12, 14.5, 12.5], "texture": "#door_top", "cullface": "west"},
				"up": {"uv": [11.5, 12, 14.5, 12.5], "rotation": 90, "texture": "#door_top"},
				"down": {"uv": [11.5, 12, 14.5, 12.5], "rotation": 270, "texture": "#door_top"}
			}
		},
		{
			"name": "9",
			"from": [-0.25, 20, 14],
			"to": [3.25, 20.5, 15],
			"faces": {
				"north": {"uv": [14.5, 11.5, 15, 12], "texture": "#door_top"},
				"east": {"uv": [15, 11.5, 14, 12], "texture": "#door_top"},
				"south": {"uv": [14.5, 11.5, 15, 12], "texture": "#door_top"},
				"west": {"uv": [14, 11.5, 15, 12], "texture": "#door_top", "cullface": "west"},
				"up": {"uv": [14, 11.5, 15, 12], "rotation": 90, "texture": "#door_top"},
				"down": {"uv": [14, 11.5, 15, 12], "rotation": 270, "texture": "#door_top"}
			}
		},
		{
			"name": "10",
			"from": [-0.25, 20.5, 14.5],
			"to": [3.25, 21, 15.5],
			"faces": {
				"north": {"uv": [14.5, 11, 15, 11.5], "texture": "#door_top"},
				"east": {"uv": [15.5, 11, 14.5, 11.5], "texture": "#door_top"},
				"south": {"uv": [15, 11, 15.5, 11.5], "texture": "#door_top"},
				"west": {"uv": [14.5, 11, 15.5, 11.5], "texture": "#door_top", "cullface": "west"},
				"up": {"uv": [14.5, 11, 15.5, 11.5], "rotation": 90, "texture": "#door_top"},
				"down": {"uv": [14.5, 11, 15.5, 11.5], "rotation": 270, "texture": "#door_top"}
			}
		},
		{
			"name": "11",
			"from": [-0.25, 21, 15],
			"to": [3.25, 21.5, 15.5],
			"faces": {
				"north": {"uv": [15, 10.5, 15.5, 11], "texture": "#door_top"},
				"east": {"uv": [15.5, 10.5, 15, 11], "texture": "#door_top"},
				"south": {"uv": [15, 10.5, 15.5, 11], "texture": "#door_top"},
				"west": {"uv": [15, 10.5, 15.5, 11], "texture": "#door_top", "cullface": "west"},
				"up": {"uv": [15, 10.5, 15.5, 11], "rotation": 90, "texture": "#door_top"}
			}
		},
		{
			"name": "12",
			"from": [-0.25, 21.5, 15.5],
			"to": [0, 22, 16],
			"faces": {
				"north": {"uv": [15.5, 10, 16, 10.5], "texture": "#door_top", "cullface": "west"},
				"south": {"uv": [15.5, 10, 16, 10.5], "texture": "#door_top", "cullface": "west"},
				"west": {"uv": [15.5, 10, 16, 10.5], "texture": "#door_top", "cullface": "west"},
				"up": {"uv": [15.5, 10, 16, 10.5], "rotation": 90, "texture": "#door_top", "cullface": "west"},
				"down": {"uv": [15.5, 10, 16, 10.5], "rotation": 270, "texture": "#door_top", "cullface": "west"}
			}
		},
		{
			"name": "13",
			"from": [3, 21.5, 15.5],
			"to": [3.25, 22, 16],
			"faces": {
				"north": {"uv": [15.5, 10, 16, 10.5], "texture": "#door_top"},
				"east": {"uv": [16, 10, 15.5, 10.5], "texture": "#door_top"},
				"south": {"uv": [15.5, 10, 16, 10.5], "texture": "#door_top", "cullface": "south"},
				"up": {"uv": [15.5, 10, 16, 10.5], "rotation": 90, "texture": "#door_top"},
				"down": {"uv": [15.5, 10, 16, 10.5], "rotation": 270, "texture": "#door_top"}
			}
		},
		{
			"name": "main",
			"from": [0, 16, 0],
			"to": [3, 32, 16],
			"faces": {
				"north": {"uv": [3, 0, 0, 16], "texture": "#side_top_hinge", "cullface": "north"},
				"east": {"uv": [16, 0, 0, 16], "texture": "#door_top"},
				"south": {"uv": [0, 0, 3, 16], "texture": "#side_top", "cullface": "south"},
				"west": {"uv": [0, 0, 16, 16], "texture": "#door_top", "cullface": "west"},
				"up": {"uv": [0, 3, 16, 0], "rotation": 270, "texture": "#top", "cullface": "up"}
			}
		},
		{
			"name": "1",
			"from": [-0.5, 16, 9.5],
			"to": [3.5, 18.5, 14],
			"faces": {
				"north": {"uv": [9.5, 13.5, 10, 16], "texture": "#door_top"},
				"east": {"uv": [14, 13.5, 9.5, 16], "texture": "#door_top"},
				"south": {"uv": [13.5, 13.5, 14, 16], "texture": "#door_top"},
				"west": {"uv": [9.5, 13.5, 14, 16], "texture": "#door_top", "cullface": "west"},
				"up": {"uv": [9.5, 13.5, 14, 14], "rotation": 90, "texture": "#door_top"},
				"down": {"uv": [9.5, 15.5, 14, 16], "rotation": 270, "texture": "#door_top", "cullface": "down"}
			}
		}
	],
	"groups": [
		{
			"name": "warped_door_bottom",
			"origin": [8, 8, 8],
			"color": 0,
			"children": [
				{
					"name": "group",
					"origin": [8, 8, 8],
					"color": 0,
					"children": [
						{
							"name": "detail",
							"origin": [8, 8, 8],
							"color": 0,
							"children": [
								{
									"name": "1",
									"origin": [8, 8, 8],
									"color": 0,
									"children": [0, 1, 2, 3, 4, 5, 6, 7]
								},
								{
									"name": "2",
									"origin": [0, 0, 0],
									"color": 0,
									"children": [8, 9, 10, 11, 12, 13, 14, 15, 16, 17, 18, 19, 20, 21, 22, 23, 24, 25, 26, 27, 28, 29, 30, 31]
								},
								{
									"name": "3",
									"origin": [8, 8, 8],
									"color": 0,
									"children": [32, 33, 34, 35, 36, 37, 38, 39, 40, 41, 42, 43]
								}
							]
						}, 44,
						{
							"name": "handle",
							"origin": [8, 8, 8],
							"color": 0,
							"children": [45, 46]
						}
					]
				}
			]
		},
		{
			"name": "warped_door_top",
			"origin": [8, 8, 8],
			"color": 0,
			"children": [
				{
					"name": "group",
					"origin": [8, 8, 8],
					"color": 0,
					"children": [
						{
							"name": "detail",
							"origin": [8, 8, 8],
							"color": 0,
							"children": [
								{
									"name": "1",
									"origin": [8, 8, 8],
									"color": 0,
									"children": [47, 48, 49, 50, 51, 52, 53, 54, 55, 56, 57, 58, 59, 60, 61, 62, 63, 64]
								},
								{
									"name": "2",
									"origin": [8, 8, 8],
									"color": 0,
									"children": [65, 66, 67, 68, 69, 70]
								},
								{
									"name": "3",
									"origin": [8, 8, 8],
									"color": 0,
									"children": [71, 72, 73, 74, 75, 76, 77]
								},
								{
									"name": "4",
									"origin": [8, 8, 8],
									"color": 0,
									"children": [78, 79, 80, 81, 82, 83, 84, 85, 86, 87, 88, 89, 90]
								}
							]
						}, 91,
						{
							"name": "handle",
							"origin": [8, 8, 8],
							"color": 0,
							"children": [92]
						}
					]
				}
			]
		}
	]
}