{
	"textures": {
		"0": "entity/trident",
		"particle": "entity/trident"
	},
	"elements": [
		{
			"from": [-0.5, -8.5, -0.5],
			"to": [0.5, 15.5, 0.5],
			"shade": false,
			"faces": {
				"north": {"uv": [10.59, 3.75, 10.84, 16], "texture": "#0"},
				"east": {"uv": [10.59, 3.75, 10.84, 16], "texture": "#0"},
				"south": {"uv": [10.59, 3.75, 10.84, 16], "texture": "#0"},
				"west": {"uv": [10.59, 3.75, 10.84, 16], "texture": "#0"},
				"up": {"uv": [10.5, 13.25, 11, 13.75], "texture": "#0"},
				"down": {"uv": [10.5, 13.25, 11, 13.75], "texture": "#0"}
			}
		},
		{
			"from": [-1, 15.5, -0.5],
			"to": [1, 16, 0.5],
			"faces": {
				"north": {"uv": [10.25, 3.5, 11.23, 3.75], "texture": "#0"},
				"east": {"uv": [4.1, 1.1, 4.35, 1.35], "texture": "#0"},
				"south": {"uv": [10.25, 3.5, 11.23, 3.75], "texture": "#0"},
				"west": {"uv": [4.1, 1.1, 4.35, 1.35], "texture": "#0"},
				"up": {"uv": [4.1, 1.1, 4.35, 1.35], "texture": "#0"},
				"down": {"uv": [4.1, 1.1, 4.35, 1.35], "texture": "#0"}
			}
		},
		{
			"from": [-1.5, 16, -0.5],
			"to": [1.5, 16.5, 0.5],
			"faces": {
				"north": {"uv": [10, 3.33, 11.48, 3.43], "texture": "#0"},
				"east": {"uv": [4.1, 1.1, 4.35, 1.35], "texture": "#0"},
				"south": {"uv": [10, 3.33, 11.48, 3.43], "texture": "#0"},
				"west": {"uv": [4.1, 1.1, 4.35, 1.35], "texture": "#0"},
				"up": {"uv": [4.1, 1.1, 4.35, 1.35], "texture": "#0"},
				"down": {"uv": [4.1, 1.1, 4.35, 1.35], "texture": "#0"}
			}
		},
		{
			"from": [-2, 16.5, -0.5],
			"to": [2, 18, 0.5],
			"faces": {
				"north": {"uv": [9.75, 2.51, 11.73, 3.258], "texture": "#0"},
				"east": {"uv": [4.1, 1.1, 4.35, 1.35], "texture": "#0"},
				"south": {"uv": [9.75, 2.51, 11.73, 3.258], "texture": "#0"},
				"west": {"uv": [4.1, 1.1, 4.35, 1.35], "texture": "#0"},
				"up": {"uv": [0.5, 6.25, 1.5, 6.75], "texture": "#0"},
				"down": {"uv": [4.1, 1.1, 4.35, 1.35], "texture": "#0"}
			}
		},
		{
			"from": [-0.5, 21.5, -0.5],
			"to": [0.5, 22, 0.5],
			"faces": {
				"north": {"uv": [10.62, 0.51, 10.87, 0.74], "texture": "#0"},
				"east": {"uv": [10.62, 0.51, 10.87, 0.74], "texture": "#0"},
				"south": {"uv": [10.62, 0.51, 10.87, 0.74], "texture": "#0"},
				"west": {"uv": [10.62, 0.51, 10.87, 0.74], "texture": "#0"},
				"up": {"uv": [0.5, 0.1, 0.75, 0.35], "texture": "#0"},
				"down": {"uv": [0.5, 0, 1, 0.5], "texture": "#0"}
			}
		},
		{
			"from": [-0.5, 18, -0.5],
			"to": [0.5, 21.5, 0.5],
			"faces": {
				"north": {"uv": [10.62, 0.51, 10.87, 2.49], "texture": "#0"},
				"east": {"uv": [10.62, 0.51, 10.87, 2.49], "texture": "#0"},
				"south": {"uv": [10.62, 0.51, 10.87, 2.49], "texture": "#0"},
				"west": {"uv": [10.62, 0.51, 10.87, 2.49], "texture": "#0"},
				"up": {"uv": [0.5, 0.1, 0.75, 0.35], "texture": "#0"},
				"down": {"uv": [0.5, 0, 1, 0.5], "texture": "#0"}
			}
		},
		{
			"from": [-2, 18, -0.5],
			"to": [-1.5, 21, 0.5],
			"faces": {
				"north": {"uv": [10.62, 0.51, 10.87, 2.49], "texture": "#0"},
				"east": {"uv": [10.62, 0.51, 10.87, 2.49], "texture": "#0"},
				"south": {"uv": [10.62, 0.51, 10.87, 2.49], "texture": "#0"},
				"west": {"uv": [10.62, 0.51, 10.87, 2.49], "texture": "#0"},
				"up": {"uv": [0.5, 0.1, 0.75, 0.35], "texture": "#0"},
				"down": {"uv": [0.5, 0, 1, 0.5], "texture": "#0"}
			}
		},
		{
			"from": [1.5, 18, -0.5],
			"to": [2, 21, 0.5],
			"faces": {
				"north": {"uv": [10.62, 0.51, 10.87, 2.49], "texture": "#0"},
				"east": {"uv": [10.62, 0.51, 10.87, 2.49], "texture": "#0"},
				"south": {"uv": [10.62, 0.51, 10.87, 2.49], "texture": "#0"},
				"west": {"uv": [10.62, 0.51, 10.87, 2.49], "texture": "#0"},
				"up": {"uv": [0.5, 0.1, 0.75, 0.35], "texture": "#0"},
				"down": {"uv": [0.5, 0, 1, 0.5], "texture": "#0"}
			}
		},
		{
			"from": [2, 17.5, -0.5],
			"to": [2.5, 20.5, 0.5],
			"faces": {
				"north": {"uv": [10.62, 0.51, 10.87, 2.49], "texture": "#0"},
				"east": {"uv": [10.62, 0.51, 10.87, 2.49], "texture": "#0"},
				"south": {"uv": [10.62, 0.51, 10.87, 2.49], "texture": "#0"},
				"west": {"uv": [10.62, 0.51, 10.87, 2.49], "texture": "#0"},
				"up": {"uv": [0.5, 0.1, 0.75, 0.35], "texture": "#0"},
				"down": {"uv": [0.5, 0, 1, 0.5], "texture": "#0"}
			}
		},
		{
			"from": [-2.5, 17.5, -0.5],
			"to": [-2, 20.5, 0.5],
			"faces": {
				"north": {"uv": [10.62, 0.51, 10.87, 2.49], "texture": "#0"},
				"east": {"uv": [10.62, 0.51, 10.87, 2.49], "texture": "#0"},
				"south": {"uv": [10.62, 0.51, 10.87, 2.49], "texture": "#0"},
				"west": {"uv": [10.62, 0.51, 10.87, 2.49], "texture": "#0"},
				"up": {"uv": [0.5, 0.1, 0.75, 0.35], "texture": "#0"},
				"down": {"uv": [0.5, 0, 1, 0.5], "texture": "#0"}
			}
		}
	]
}