{
	"credit": "Created by mullak99",
	"textures": {
		"particle": "block/iron_bars",
		"iron_bars": "block/iron_bars"
	},
	"elements": [
		{
			"name": "1",
			"from": [7, 7, 0],
			"to": [9, 9, 2],
			"faces": {
				"north": {"uv": [14, 7, 16, 9], "texture": "#iron_bars", "cullface": "north"},
				"east": {"uv": [14, 7, 16, 9], "texture": "#iron_bars"},
				"west": {"uv": [14, 7, 16, 9], "texture": "#iron_bars"},
				"up": {"uv": [14, 7, 16, 9], "rotation": 90, "texture": "#iron_bars"},
				"down": {"uv": [14, 7, 16, 9], "rotation": 270, "texture": "#iron_bars"}
			}
		},
		{
			"name": "2",
			"from": [7, 0, 2],
			"to": [9, 16, 4],
			"faces": {
				"north": {"uv": [12, 0, 14, 16], "texture": "#iron_bars"},
				"east": {"uv": [12, 0, 14, 16], "texture": "#iron_bars"},
				"south": {"uv": [12, 0, 14, 16], "texture": "#iron_bars"},
				"west": {"uv": [12, 0, 14, 16], "texture": "#iron_bars"},
				"up": {"uv": [12, 0, 14, 2], "rotation": 90, "texture": "#iron_bars"},
				"down": {"uv": [12, 14, 14, 16], "rotation": 270, "texture": "#iron_bars"}
			}
		},
		{
			"name": "3",
			"from": [7, 2, 4],
			"to": [9, 4, 7],
			"faces": {
				"east": {"uv": [9, 12, 12, 14], "texture": "#iron_bars"},
				"west": {"uv": [9, 12, 12, 14], "texture": "#iron_bars"},
				"up": {"uv": [9, 12, 12, 14], "rotation": 90, "texture": "#iron_bars"},
				"down": {"uv": [9, 12, 12, 14], "rotation": 270, "texture": "#iron_bars"}
			}
		}
	],
	"groups": [
		{
			"name": "group",
			"origin": [8, 8, 8],
			"children": [0, 1, 2]
		}
	]
}