{
	"credit": "Created by mullak99",
	"textures": {
		"particle": "block/iron_bars",
		"iron_bars": "block/iron_bars"
	},
	"elements": [
		{
			"name": "main",
			"from": [7, 0, 7],
			"to": [9, 16, 9],
			"faces": {
				"north": {"uv": [7, 0, 9, 16], "texture": "#iron_bars"},
				"east": {"uv": [7, 0, 9, 16], "texture": "#iron_bars"},
				"south": {"uv": [7, 0, 9, 16], "texture": "#iron_bars"},
				"west": {"uv": [7, 0, 9, 16], "texture": "#iron_bars"},
				"up": {"uv": [7, 0, 9, 2], "rotation": 90, "texture": "#iron_bars", "cullface": "up"},
				"down": {"uv": [7, 14, 9, 16], "rotation": 270, "texture": "#iron_bars", "cullface": "down"}
			}
		}
	]
}