{
	"credit": "Created by mullak99",
	"ambientocclusion": false,
	"textures": {
		"door": "block/acacia_door_top",
		"particle": "block/acacia_door_top",
		"side_top": "ctm/doors/acacia/side_top",
		"side_top_hinge": "ctm/doors/acacia/side_top_hinge",
		"top": "ctm/doors/acacia/top"
	},
	"elements": [
		{
			"name": "left",
			"from": [0, 0, 0],
			"to": [3, 16, 3],
			"faces": {
				"north": {"uv": [3, 0, 0, 16], "texture": "#side_top_hinge", "cullface": "north"},
				"east": {"uv": [3, 0, 0, 16], "texture": "#door"},
				"south": {"uv": [0, 0, 3, 16], "texture": "#side_top"},
				"west": {"uv": [0, 0, 3, 16], "texture": "#door", "cullface": "west"},
				"up": {"uv": [0, 3, 3, 0], "rotation": 90, "texture": "#top", "cullface": "up"}
			}
		},
		{
			"name": "right",
			"from": [0, 0, 13],
			"to": [3, 16, 16],
			"faces": {
				"north": {"uv": [3, 0, 0, 16], "texture": "#side_top"},
				"east": {"uv": [16, 0, 13, 16], "texture": "#door"},
				"south": {"uv": [0, 0, 3, 16], "texture": "#side_top", "cullface": "south"},
				"west": {"uv": [13, 0, 16, 16], "texture": "#door", "cullface": "west"},
				"up": {"uv": [13, 3, 16, 0], "rotation": 90, "texture": "#top", "cullface": "up"}
			}
		},
		{
			"name": "1",
			"from": [0, 0, 3],
			"to": [3, 1, 13],
			"faces": {
				"east": {"uv": [13, 15, 3, 16], "texture": "#door"},
				"west": {"uv": [3, 15, 13, 16], "texture": "#door", "cullface": "west"},
				"up": {"uv": [3, 3, 13, 0], "rotation": 90, "texture": "#top"}
			}
		},
		{
			"name": "2",
			"from": [0, 13, 3],
			"to": [3, 16, 13],
			"faces": {
				"east": {"uv": [13, 0, 3, 3], "texture": "#door"},
				"west": {"uv": [3, 0, 13, 3], "texture": "#door", "cullface": "west"},
				"up": {"uv": [3, 3, 13, 0], "rotation": 90, "texture": "#top", "cullface": "up"},
				"down": {"uv": [3, 0, 13, 3], "rotation": 270, "texture": "#top"}
			}
		},
		{
			"name": "1",
			"from": [0, 1, 5],
			"to": [3, 13, 7],
			"faces": {
				"north": {"uv": [3, 3, 0, 15], "texture": "#side_top"},
				"east": {"uv": [7, 3, 5, 15], "texture": "#door"},
				"south": {"uv": [0, 3, 3, 15], "texture": "#side_top"},
				"west": {"uv": [5, 3, 7, 15], "texture": "#door", "cullface": "west"}
			}
		},
		{
			"name": "2",
			"from": [0, 1, 9],
			"to": [3, 13, 11],
			"faces": {
				"north": {"uv": [3, 3, 0, 15], "texture": "#side_top"},
				"east": {"uv": [11, 3, 9, 15], "texture": "#door"},
				"south": {"uv": [0, 3, 3, 15], "texture": "#side_top"},
				"west": {"uv": [9, 3, 11, 15], "texture": "#door", "cullface": "west"}
			}
		},
		{
			"name": "1",
			"from": [3, 0, 11.5],
			"to": [3.5, 1, 14.5],
			"faces": {
				"north": {"uv": [11.5, 15, 12, 16], "texture": "#door"},
				"east": {"uv": [14.5, 15, 11.5, 16], "texture": "#door"},
				"south": {"uv": [14, 15, 14.5, 16], "rotation": 180, "texture": "#door"},
				"up": {"uv": [11.5, 15, 14.5, 15.5], "rotation": 90, "texture": "#door"},
				"down": {"uv": [11.5, 15.5, 14.5, 16], "rotation": 270, "texture": "#door", "cullface": "down"}
			}
		},
		{
			"name": "2",
			"from": [3, 0, 14.5],
			"to": [3.5, 0.5, 15],
			"faces": {
				"east": {"uv": [15, 15.5, 14.5, 16], "texture": "#door"},
				"south": {"uv": [14.5, 15.5, 15, 16], "rotation": 180, "texture": "#door"},
				"up": {"uv": [14.5, 15.5, 15, 16], "rotation": 90, "texture": "#door"},
				"down": {"uv": [14.5, 15.5, 15, 16], "rotation": 270, "texture": "#door", "cullface": "down"}
			}
		},
		{
			"name": "3",
			"from": [-0.5, 0, 11.5],
			"to": [0, 1, 14.5],
			"faces": {
				"north": {"uv": [11.5, 15, 12, 16], "texture": "#door", "cullface": "west"},
				"south": {"uv": [14, 15, 14.5, 16], "rotation": 180, "texture": "#door", "cullface": "west"},
				"west": {"uv": [11.5, 15, 14.5, 16], "texture": "#door", "cullface": "west"},
				"up": {"uv": [11.5, 15, 14.5, 15.5], "rotation": 90, "texture": "#door", "cullface": "west"},
				"down": {"uv": [11.5, 15.5, 14.5, 16], "rotation": 270, "texture": "#door", "cullface": "west"}
			}
		},
		{
			"name": "4",
			"from": [-0.5, 0, 14.5],
			"to": [0, 0.5, 15],
			"faces": {
				"south": {"uv": [14.5, 15.5, 15, 16], "rotation": 180, "texture": "#door", "cullface": "west"},
				"west": {"uv": [14.5, 15.5, 15, 16], "texture": "#door", "cullface": "west"},
				"up": {"uv": [14.5, 15.5, 15, 16], "rotation": 90, "texture": "#door", "cullface": "west"},
				"down": {"uv": [14.5, 15.5, 15, 16], "rotation": 270, "texture": "#door", "cullface": "west"}
			}
		}
	],
	"groups": [
		{
			"name": "group",
			"children": [0, 1,
				{
					"name": "vert",
					"children": [2, 3]
				},
				{
					"name": "hor",
					"children": [4, 5]
				},
				{
					"name": "handle",
					"children": [6, 7, 8, 9]
				}
			]
		}
	]
}