{
	"credit": "Created by mullak99",
	"ambientocclusion": false,
	"textures": {
		"door": "block/birch_door_bottom",
		"particle": "block/birch_door_bottom",
		"bottom": "ctm/doors/birch/bottom",
		"side_bottom": "ctm/doors/birch/side_bottom",
		"side_bottom_hinge": "ctm/doors/birch/side_bottom_hinge"
	},
	"elements": [
		{
			"name": "1",
			"from": [0, 0, 13],
			"to": [3, 12, 16],
			"faces": {
				"east": {"uv": [0, 4, 3, 16], "texture": "#door"},
				"south": {"uv": [3, 4, 0, 16], "texture": "#side_bottom_hinge", "cullface": "south"},
				"west": {"uv": [3, 4, 0, 16], "texture": "#door", "cullface": "west"},
				"down": {"uv": [0, 0, 3, 3], "rotation": 90, "texture": "#bottom", "cullface": "down"}
			}
		},
		{
			"name": "2",
			"from": [0, 12, 13],
			"to": [3, 16, 16],
			"faces": {
				"north": {"uv": [3, 0, 0, 4], "texture": "#side_bottom"},
				"east": {"uv": [0, 0, 3, 4], "texture": "#door"},
				"south": {"uv": [3, 0, 0, 4], "texture": "#side_bottom_hinge", "cullface": "south"},
				"west": {"uv": [3, 0, 0, 4], "texture": "#door", "cullface": "west"}
			}
		},
		{
			"name": "1",
			"from": [0, 0, 0],
			"to": [3, 12, 3],
			"faces": {
				"north": {"uv": [0, 4, 3, 16], "texture": "#side_bottom", "cullface": "north"},
				"east": {"uv": [13, 4, 16, 16], "texture": "#door"},
				"west": {"uv": [16, 4, 13, 16], "texture": "#door", "cullface": "west"},
				"down": {"uv": [13, 0, 16, 3], "rotation": 90, "texture": "#bottom", "cullface": "down"}
			}
		},
		{
			"name": "2",
			"from": [0, 12, 0],
			"to": [3, 16, 3],
			"faces": {
				"north": {"uv": [0, 0, 3, 4], "texture": "#side_bottom", "cullface": "north"},
				"east": {"uv": [13, 0, 16, 4], "texture": "#door"},
				"south": {"uv": [3, 0, 0, 4], "texture": "#side_bottom"},
				"west": {"uv": [16, 0, 13, 4], "texture": "#door", "cullface": "west"}
			}
		},
		{
			"name": "internal",
			"from": [1, 12, 3],
			"to": [2, 16, 13],
			"faces": {
				"east": {"uv": [3, 0, 13, 4], "texture": "#door"},
				"west": {"uv": [13, 0, 3, 4], "texture": "#door"}
			}
		},
		{
			"name": "main",
			"from": [0, 0, 3],
			"to": [3, 12, 13],
			"faces": {
				"east": {"uv": [3, 4, 13, 16], "texture": "#door"},
				"west": {"uv": [13, 4, 3, 16], "texture": "#door", "cullface": "west"},
				"up": {"uv": [13, 3, 3, 0], "rotation": 90, "texture": "#bottom"},
				"down": {"uv": [3, 0, 13, 3], "rotation": 90, "texture": "#bottom", "cullface": "down"}
			}
		}
	],
	"groups": [
		{
			"name": "group",
			"children": [
				{
					"name": "left",
					"children": [0, 1]
				},
				{
					"name": "right",
					"children": [2, 3]
				}, 4, 5]
		}
	]
}