{
	"credit": "Created by mullak99",
	"ambientocclusion": false,
	"textures": {
		"particle": "block/mangrove_trapdoor",
		"top": "block/mangrove_trapdoor",
		"front": "ctm/trapdoors/mangrove/front",
		"side": "ctm/trapdoors/mangrove/side"
	},
	"elements": [
		{
			"name": "north",
			"from": [0, 11, 13],
			"to": [16, 16, 16],
			"rotation": {"angle": 0, "axis": "x", "origin": [8, 1.5, 7.5]},
			"faces": {
				"north": {"uv": [0, 11, 16, 16], "rotation": 180, "texture": "#top"},
				"east": {"uv": [11, 0, 16, 3], "rotation": 270, "texture": "#side", "cullface": "east"},
				"south": {"uv": [0, 16, 16, 11], "texture": "#top", "cullface": "south"},
				"west": {"uv": [16, 0, 11, 3], "rotation": 90, "texture": "#side", "cullface": "west"},
				"up": {"uv": [0, 0, 16, 3], "rotation": 180, "texture": "#front", "cullface": "up"},
				"down": {"uv": [0, 0, 16, 3], "texture": "#front"}
			}
		},
		{
			"name": "south",
			"from": [0, 0, 13],
			"to": [16, 5, 16],
			"rotation": {"angle": 0, "axis": "x", "origin": [8, 1.5, 7.5]},
			"faces": {
				"north": {"uv": [0, 0, 16, 5], "rotation": 180, "texture": "#top"},
				"east": {"uv": [0, 0, 5, 3], "rotation": 270, "texture": "#side", "cullface": "east"},
				"south": {"uv": [0, 5, 16, 0], "texture": "#top", "cullface": "south"},
				"west": {"uv": [5, 0, 0, 3], "rotation": 90, "texture": "#side", "cullface": "west"},
				"up": {"uv": [0, 0, 16, 3], "rotation": 180, "texture": "#front"},
				"down": {"uv": [0, 0, 16, 3], "texture": "#front", "cullface": "down"}
			}
		},
		{
			"name": "west",
			"from": [0, 5, 13],
			"to": [5, 11, 16],
			"rotation": {"angle": 0, "axis": "x", "origin": [8, 1.5, 7.5]},
			"faces": {
				"north": {"uv": [0, 5, 5, 11], "rotation": 180, "texture": "#top"},
				"east": {"uv": [5, 0, 11, 3], "rotation": 270, "texture": "#side"},
				"south": {"uv": [0, 11, 5, 5], "texture": "#top", "cullface": "south"},
				"west": {"uv": [11, 0, 5, 3], "rotation": 90, "texture": "#side", "cullface": "west"}
			}
		},
		{
			"name": "east",
			"from": [11, 5, 13],
			"to": [16, 11, 16],
			"rotation": {"angle": 0, "axis": "x", "origin": [8, 1.5, 7.5]},
			"faces": {
				"north": {"uv": [11, 5, 16, 11], "rotation": 180, "texture": "#top"},
				"east": {"uv": [5, 0, 11, 3], "rotation": 270, "texture": "#side", "cullface": "east"},
				"south": {"uv": [11, 11, 16, 5], "texture": "#top", "cullface": "south"},
				"west": {"uv": [5, 0, 11, 3], "rotation": 90, "texture": "#side"}
			}
		},
		{
			"name": "handle",
			"from": [5, 14, 12.5],
			"to": [11, 15, 16.5],
			"rotation": {"angle": 0, "axis": "x", "origin": [8, 1.5, 7.5]},
			"faces": {
				"north": {"uv": [5, 14, 11, 15], "rotation": 180, "texture": "#top"},
				"east": {"uv": [5, 15, 5.5, 14], "texture": "#top"},
				"south": {"uv": [5, 15, 11, 14], "texture": "#top", "cullface": "south"},
				"west": {"uv": [10.5, 14, 11, 15], "rotation": 180, "texture": "#top"},
				"up": {"uv": [5, 14.5, 11, 15], "rotation": 180, "texture": "#top"},
				"down": {"uv": [5, 14, 11, 14.5], "texture": "#top"}
			}
		},
		{
			"name": "1",
			"from": [10.5, 5, 13],
			"to": [11, 6, 16],
			"rotation": {"angle": 0, "axis": "x", "origin": [8, 1.5, 7.5]},
			"faces": {
				"north": {"uv": [5, 5, 5.5, 6], "rotation": 180, "texture": "#top"},
				"south": {"uv": [5, 6, 5.5, 5], "texture": "#top", "cullface": "south"},
				"west": {"uv": [10.5, 0, 11.5, 3], "rotation": 90, "texture": "#side"},
				"up": {"uv": [5, 0, 5.5, 3], "rotation": 180, "texture": "#front"}
			}
		},
		{
			"name": "2",
			"from": [10, 5, 13],
			"to": [10.5, 5.5, 16],
			"rotation": {"angle": 0, "axis": "x", "origin": [8, 1.5, 7.5]},
			"faces": {
				"north": {"uv": [5.5, 5, 6, 5.5], "rotation": 180, "texture": "#top"},
				"south": {"uv": [5.5, 5, 6, 5.5], "texture": "#top", "cullface": "south"},
				"west": {"uv": [11, 0, 11.5, 3], "rotation": 90, "texture": "#side"},
				"up": {"uv": [5.5, 0, 6, 3], "rotation": 180, "texture": "#front"}
			}
		},
		{
			"name": "1",
			"from": [10.5, 10, 13],
			"to": [11, 11, 16],
			"rotation": {"angle": 0, "axis": "x", "origin": [8, 1.5, 7.5]},
			"faces": {
				"north": {"uv": [5, 10, 5.5, 11], "rotation": 180, "texture": "#top"},
				"south": {"uv": [5, 11, 5.5, 10], "texture": "#top", "cullface": "south"},
				"west": {"uv": [5, 0, 6, 3], "rotation": 90, "texture": "#side"},
				"down": {"uv": [10.5, 0, 11, 3], "texture": "#front"}
			}
		},
		{
			"name": "2",
			"from": [10, 10.5, 13],
			"to": [10.5, 11, 16],
			"rotation": {"angle": 0, "axis": "x", "origin": [8, 1.5, 7.5]},
			"faces": {
				"north": {"uv": [5.5, 10.5, 6, 11], "rotation": 180, "texture": "#top"},
				"south": {"uv": [5.5, 10.5, 6, 11], "texture": "#top", "cullface": "south"},
				"west": {"uv": [4.5, 0, 5, 3], "rotation": 90, "texture": "#side"},
				"down": {"uv": [10, 0, 10.5, 3], "texture": "#front"}
			}
		},
		{
			"name": "1",
			"from": [5, 5, 13],
			"to": [5.5, 6, 16],
			"rotation": {"angle": 0, "axis": "x", "origin": [8, 1.5, 7.5]},
			"faces": {
				"north": {"uv": [10.5, 5, 11, 6], "rotation": 180, "texture": "#top"},
				"east": {"uv": [5, 0, 6, 3], "rotation": 270, "texture": "#side"},
				"south": {"uv": [10.5, 6, 11, 5], "texture": "#top", "cullface": "south"},
				"up": {"uv": [10.5, 0, 11, 3], "rotation": 180, "texture": "#front"}
			}
		},
		{
			"name": "2",
			"from": [5.5, 5, 13],
			"to": [6, 5.5, 16],
			"rotation": {"angle": 0, "axis": "x", "origin": [8, 1.5, 7.5]},
			"faces": {
				"north": {"uv": [10, 5, 10.5, 5.5], "rotation": 180, "texture": "#top"},
				"east": {"uv": [5, 0, 5.5, 3], "rotation": 270, "texture": "#side"},
				"south": {"uv": [10, 5, 10.5, 5.5], "texture": "#top", "cullface": "south"},
				"up": {"uv": [10, 0, 10.5, 3], "rotation": 180, "texture": "#front"}
			}
		},
		{
			"name": "1",
			"from": [5, 10, 13],
			"to": [5.5, 11, 16],
			"rotation": {"angle": 0, "axis": "x", "origin": [8, 1.5, 7.5]},
			"faces": {
				"north": {"uv": [10.5, 10, 11, 11], "rotation": 180, "texture": "#top"},
				"east": {"uv": [9.5, 0, 10.5, 3], "rotation": 270, "texture": "#side"},
				"south": {"uv": [10.5, 11, 11, 10], "texture": "#top", "cullface": "south"},
				"down": {"uv": [5, 0, 5.5, 3], "texture": "#front"}
			}
		},
		{
			"name": "2",
			"from": [5.5, 10.5, 13],
			"to": [6, 11, 16],
			"rotation": {"angle": 0, "axis": "x", "origin": [8, 1.5, 7.5]},
			"faces": {
				"north": {"uv": [10, 10.5, 10.5, 11], "rotation": 180, "texture": "#top"},
				"east": {"uv": [10, 0, 10.5, 3], "rotation": 270, "texture": "#side"},
				"south": {"uv": [10, 10.5, 10.5, 11], "texture": "#top", "cullface": "south"},
				"down": {"uv": [5.5, 0, 6, 3], "texture": "#front"}
			}
		}
	],
	"display": {
		"thirdperson_righthand": {
			"rotation": [75, 45, 0],
			"translation": [0, 2.5, 0],
			"scale": [0.375, 0.375, 0.375]
		},
		"firstperson_righthand": {
			"rotation": [0, 45, 0],
			"scale": [0.4, 0.4, 0.4]
		},
		"firstperson_lefthand": {
			"rotation": [0, 225, 0],
			"scale": [0.4, 0.4, 0.4]
		},
		"ground": {
			"translation": [0, 3, 0],
			"scale": [0.25, 0.25, 0.25]
		},
		"gui": {
			"rotation": [30, 225, 0],
			"scale": [0.625, 0.625, 0.625]
		},
		"fixed": {
			"scale": [0.5, 0.5, 0.5]
		}
	},
	"groups": [
		{
			"name": "group",
			"origin": [8, 8, 8],
			"color": 0,
			"children": [
				0,
				1,
				2,
				3,
				4,
				{
					"name": "inside",
					"origin": [8, 8, 8],
					"color": 0,
					"children": [
						{
							"name": "1",
							"origin": [0, 0, 0],
							"color": 0,
							"children": [5, 6]
						},
						{
							"name": "2",
							"origin": [0, 0, 0],
							"color": 0,
							"children": [7, 8]
						},
						{
							"name": "3",
							"origin": [0, 0, 0],
							"color": 0,
							"children": [9, 10]
						},
						{
							"name": "4",
							"origin": [0, 0, 0],
							"color": 0,
							"children": [11, 12]
						}
					]
				}
			]
		}
	]
}