{
	"credit": "Created by mullak99",
	"ambientocclusion": false,
	"textures": {
		"particle": "block/crimson_trapdoor",
		"top": "block/crimson_trapdoor",
		"front": "ctm/trapdoors/crimson/front",
		"side": "ctm/trapdoors/crimson/side"
	},
	"elements": [
		{
			"name": "north",
			"from": [0, 0, 0],
			"to": [16, 3, 3],
			"faces": {
				"north": {"uv": [0, 0, 16, 3], "texture": "#front", "cullface": "north"},
				"east": {"uv": [13, 0, 16, 3], "texture": "#side", "cullface": "east"},
				"south": {"uv": [0, 0, 16, 3], "texture": "#front"},
				"west": {"uv": [0, 0, 3, 3], "texture": "#side", "cullface": "west"},
				"up": {"uv": [0, 16, 16, 13], "texture": "#top"},
				"down": {"uv": [0, 13, 16, 16], "texture": "#top", "cullface": "down"}
			}
		},
		{
			"name": "south",
			"from": [0, 0, 13],
			"to": [16, 3, 16],
			"faces": {
				"north": {"uv": [0, 0, 16, 3], "texture": "#front"},
				"east": {"uv": [0, 0, 3, 3], "texture": "#side", "cullface": "east"},
				"south": {"uv": [0, 0, 16, 3], "texture": "#front", "cullface": "south"},
				"west": {"uv": [13, 0, 16, 3], "texture": "#side", "cullface": "west"},
				"up": {"uv": [0, 3, 16, 0], "texture": "#top"},
				"down": {"uv": [0, 0, 16, 3], "texture": "#top", "cullface": "down"}
			}
		},
		{
			"name": "west",
			"from": [0, 0, 3],
			"to": [3, 3, 13],
			"faces": {
				"east": {"uv": [3, 0, 13, 3], "texture": "#side"},
				"west": {"uv": [3, 0, 13, 3], "texture": "#side", "cullface": "west"},
				"up": {"uv": [0, 13, 3, 3], "texture": "#top"},
				"down": {"uv": [0, 3, 3, 13], "texture": "#top", "cullface": "down"}
			}
		},
		{
			"name": "east",
			"from": [13, 0, 3],
			"to": [16, 3, 13],
			"faces": {
				"east": {"uv": [3, 0, 13, 3], "texture": "#side", "cullface": "east"},
				"west": {"uv": [3, 0, 13, 3], "texture": "#side"},
				"up": {"uv": [13, 13, 16, 3], "texture": "#top"},
				"down": {"uv": [13, 3, 16, 13], "texture": "#top", "cullface": "down"}
			}
		},
		{
			"name": "vert1",
			"from": [3, 0, 4],
			"to": [13, 3, 7],
			"rotation": {"angle": 0, "axis": "y", "origin": [8, 1.5, 6.325]},
			"faces": {
				"north": {"uv": [2.5, 0, 13.5, 3], "texture": "#front"},
				"south": {"uv": [2.5, 0, 13.5, 3], "texture": "#front"},
				"up": {"uv": [3, 7, 13, 4], "texture": "#top"},
				"down": {"uv": [3, 4, 13, 7], "texture": "#top", "cullface": "down"}
			}
		},
		{
			"name": "vert2",
			"from": [3, 0, 9],
			"to": [13, 3, 12],
			"rotation": {"angle": 0, "axis": "y", "origin": [8, 1.5, 11.325]},
			"faces": {
				"north": {"uv": [3, 0, 13, 3], "texture": "#front"},
				"south": {"uv": [3, 0, 13, 3], "texture": "#front"},
				"up": {"uv": [3, 12, 13, 9], "texture": "#top"},
				"down": {"uv": [3, 9, 13, 12], "texture": "#top", "cullface": "down"}
			}
		}
	],
	"display": {
		"thirdperson_righthand": {
			"rotation": [75, 45, 0],
			"translation": [0, 2.5, 0],
			"scale": [0.375, 0.375, 0.375]
		},
		"firstperson_righthand": {
			"rotation": [0, 45, 0],
			"scale": [0.4, 0.4, 0.4]
		},
		"firstperson_lefthand": {
			"rotation": [0, 225, 0],
			"scale": [0.4, 0.4, 0.4]
		},
		"ground": {
			"translation": [0, 3, 0],
			"scale": [0.25, 0.25, 0.25]
		},
		"gui": {
			"rotation": [30, 225, 0],
			"scale": [0.625, 0.625, 0.625]
		},
		"fixed": {
			"scale": [0.5, 0.5, 0.5]
		}
	},
	"groups": [
		{
			"name": "group",
			"origin": [8, 8, 8],
			"color": 0,
			"children": [0, 1, 2, 3, 4, 5]
		}
	]
}