{
	"credit": "Created by mullak99",
	"ambientocclusion": false,
	"textures": {
		"particle": "block/oak_trapdoor",
		"top": "block/oak_trapdoor",
		"front": "ctm/trapdoors/oak/front",
		"side": "ctm/trapdoors/oak/side"
	},
	"elements": [
		{
			"name": "north",
			"from": [0, 13, 0],
			"to": [16, 16, 3],
			"faces": {
				"north": {"uv": [0, 0, 16, 3], "texture": "#front", "cullface": "north"},
				"east": {"uv": [13, 0, 16, 3], "texture": "#side", "cullface": "east"},
				"south": {"uv": [0, 0, 16, 3], "texture": "#front"},
				"west": {"uv": [16, 0, 13, 3], "texture": "#side", "cullface": "west"},
				"up": {"uv": [0, 16, 16, 13], "texture": "#top", "cullface": "up"},
				"down": {"uv": [0, 13, 16, 16], "texture": "#top"}
			}
		},
		{
			"name": "south",
			"from": [0, 13, 13],
			"to": [16, 16, 16],
			"faces": {
				"north": {"uv": [0, 0, 16, 3], "texture": "#front"},
				"east": {"uv": [0, 0, 3, 3], "texture": "#side", "cullface": "east"},
				"south": {"uv": [0, 0, 16, 3], "texture": "#front", "cullface": "south"},
				"west": {"uv": [3, 0, 0, 3], "texture": "#side", "cullface": "west"},
				"up": {"uv": [0, 3, 16, 0], "texture": "#top", "cullface": "up"},
				"down": {"uv": [0, 0, 16, 3], "texture": "#top"}
			}
		},
		{
			"name": "west",
			"from": [0, 13, 3],
			"to": [3, 16, 13],
			"faces": {
				"east": {"uv": [3, 0, 13, 3], "texture": "#side"},
				"west": {"uv": [13, 0, 3, 3], "texture": "#side", "cullface": "west"},
				"up": {"uv": [0, 13, 3, 3], "texture": "#top", "cullface": "up"},
				"down": {"uv": [0, 3, 3, 13], "texture": "#top"}
			}
		},
		{
			"name": "east",
			"from": [13, 13, 3],
			"to": [16, 16, 13],
			"faces": {
				"east": {"uv": [3, 0, 13, 3], "texture": "#side", "cullface": "east"},
				"west": {"uv": [13, 0, 3, 3], "texture": "#side"},
				"up": {"uv": [13, 13, 16, 3], "texture": "#top", "cullface": "up"},
				"down": {"uv": [13, 3, 16, 13], "texture": "#top"}
			}
		},
		{
			"name": "vert",
			"from": [6, 13, 3],
			"to": [10, 16, 13],
			"faces": {
				"east": {"uv": [3, 0, 13, 3], "texture": "#side"},
				"west": {"uv": [13, 0, 3, 3], "texture": "#side"},
				"up": {"uv": [6, 13, 10, 3], "texture": "#top", "cullface": "up"},
				"down": {"uv": [6, 3, 10, 13], "texture": "#top"}
			}
		},
		{
			"name": "hor",
			"from": [3, 13, 6],
			"to": [13, 16, 10],
			"faces": {
				"north": {"uv": [3, 0, 13, 3], "texture": "#front"},
				"south": {"uv": [3, 0, 13, 3], "texture": "#front"},
				"up": {"uv": [3, 10, 13, 6], "texture": "#top", "cullface": "up"},
				"down": {"uv": [3, 6, 13, 10], "texture": "#top"}
			}
		}
	],
	"display": {
		"thirdperson_righthand": {
			"rotation": [75, 45, 0],
			"translation": [0, 2.5, 0],
			"scale": [0.375, 0.375, 0.375]
		},
		"firstperson_righthand": {
			"rotation": [0, 45, 0],
			"scale": [0.4, 0.4, 0.4]
		},
		"firstperson_lefthand": {
			"rotation": [0, 225, 0],
			"scale": [0.4, 0.4, 0.4]
		},
		"ground": {
			"translation": [0, 3, 0],
			"scale": [0.25, 0.25, 0.25]
		},
		"gui": {
			"rotation": [30, 225, 0],
			"scale": [0.625, 0.625, 0.625]
		},
		"fixed": {
			"scale": [0.5, 0.5, 0.5]
		}
	},
	"groups": [
		{
			"name": "group",
			"origin": [8, 8, 8],
			"color": 0,
			"children": [0, 1, 2, 3, 4, 5]
		}
	]
}