{
	"credit": "Created by mullak99",
	"textures": {
		"particle": "block/rail_corner",
		"rail": "block/rail_corner",
		"sleeper_side": "ctm/rail/0",
		"sleeper_bottom": "ctm/rail/2"
	},
	"elements": [
		{
			"name": "1",
			"from": [12, 1, 14.5],
			"to": [14, 1.5, 16],
			"faces": {
				"north": {"uv": [14, 14.5, 12, 15], "texture": "#rail"},
				"east": {"uv": [13.5, 14.5, 14, 16], "rotation": 90, "texture": "#rail"},
				"south": {"uv": [12, 15.5, 14, 16], "texture": "#rail"},
				"west": {"uv": [12, 14.5, 12.5, 16], "rotation": 270, "texture": "#rail"},
				"up": {"uv": [12, 14.5, 14, 16], "texture": "#rail"}
			}
		},
		{
			"name": "2",
			"from": [14, 1, 14.5],
			"to": [14.5, 1.5, 15],
			"faces": {
				"east": {"uv": [14, 14.5, 14.5, 15], "rotation": 90, "texture": "#rail"},
				"south": {"uv": [14, 14.5, 14.5, 15], "texture": "#rail"},
				"up": {"uv": [14, 14.5, 14.5, 15], "texture": "#rail"}
			}
		},
		{
			"name": "3",
			"from": [12.5, 1, 13.5],
			"to": [15, 1.5, 14.5],
			"faces": {
				"north": {"uv": [15, 13.5, 12.5, 14], "texture": "#rail"},
				"east": {"uv": [14.5, 13.5, 15, 14.5], "rotation": 90, "texture": "#rail"},
				"south": {"uv": [12.5, 14, 15, 14.5], "texture": "#rail"},
				"west": {"uv": [12.5, 13.5, 13, 14.5], "rotation": 270, "texture": "#rail"},
				"up": {"uv": [12.5, 13.5, 15, 14.5], "texture": "#rail"}
			}
		},
		{
			"name": "4",
			"from": [13, 1, 13],
			"to": [13.5, 1.5, 13.5],
			"faces": {
				"north": {"uv": [13, 13, 13.5, 13.5], "texture": "#rail"},
				"west": {"uv": [13, 13, 13.5, 13.5], "rotation": 270, "texture": "#rail"},
				"up": {"uv": [13, 13, 13.5, 13.5], "texture": "#rail"}
			}
		},
		{
			"name": "5",
			"from": [15, 1, 13.5],
			"to": [16, 1.5, 14],
			"faces": {
				"east": {"uv": [15.5, 13.5, 16, 14], "rotation": 90, "texture": "#rail"},
				"south": {"uv": [15, 13.5, 16, 14], "texture": "#rail"},
				"up": {"uv": [15, 13.5, 16, 14], "texture": "#rail"}
			}
		},
		{
			"name": "6",
			"from": [13.5, 1, 12.5],
			"to": [16, 1.5, 13.5],
			"faces": {
				"north": {"uv": [16, 12.5, 13.5, 13], "texture": "#rail"},
				"east": {"uv": [15.5, 12.5, 16, 13.5], "rotation": 90, "texture": "#rail"},
				"west": {"uv": [13.5, 12.5, 14, 13.5], "rotation": 270, "texture": "#rail"},
				"up": {"uv": [13.5, 12.5, 16, 13.5], "texture": "#rail"}
			}
		},
		{
			"name": "7",
			"from": [14.5, 1, 12],
			"to": [16, 1.5, 12.5],
			"faces": {
				"north": {"uv": [16, 12, 14.5, 12.5], "texture": "#rail"},
				"east": {"uv": [15.5, 12, 16, 12.5], "rotation": 90, "texture": "#rail"},
				"west": {"uv": [14.5, 12, 15, 12.5], "rotation": 270, "texture": "#rail"},
				"up": {"uv": [14.5, 12, 16, 12.5], "texture": "#rail"}
			}
		},
		{
			"name": "1",
			"from": [2, 1, 13.5],
			"to": [4, 1.5, 16],
			"faces": {
				"north": {"uv": [4, 13.5, 2, 14], "texture": "#rail"},
				"east": {"uv": [3.5, 13.5, 4, 16], "rotation": 90, "texture": "#rail"},
				"south": {"uv": [2, 15.5, 4, 16], "texture": "#rail"},
				"west": {"uv": [2, 13.5, 2.5, 16], "rotation": 270, "texture": "#rail"},
				"up": {"uv": [2, 13.5, 4, 16], "texture": "#rail"},
				"down": {"uv": [2, 16, 4, 13.5], "texture": "#rail"}
			}
		},
		{
			"name": "2",
			"from": [2.5, 1, 11.5],
			"to": [4.5, 1.5, 13.5],
			"faces": {
				"north": {"uv": [4.5, 11.5, 2.5, 12], "texture": "#rail"},
				"east": {"uv": [4, 11.5, 4.5, 13.5], "rotation": 90, "texture": "#rail"},
				"south": {"uv": [2.5, 13, 4.5, 13.5], "texture": "#rail"},
				"west": {"uv": [2.5, 11.5, 3, 13.5], "rotation": 270, "texture": "#rail"},
				"up": {"uv": [2.5, 11.5, 4.5, 13.5], "texture": "#rail"},
				"down": {"uv": [2.5, 13.5, 4.5, 11.5], "texture": "#rail"}
			}
		},
		{
			"name": "3",
			"from": [3, 1, 10],
			"to": [5, 1.5, 11.5],
			"faces": {
				"north": {"uv": [5, 10, 3, 10.5], "texture": "#rail"},
				"east": {"uv": [4.5, 10, 5, 11.5], "rotation": 90, "texture": "#rail"},
				"south": {"uv": [3, 11, 5, 11.5], "texture": "#rail"},
				"west": {"uv": [3, 10, 3.5, 11.5], "rotation": 270, "texture": "#rail"},
				"up": {"uv": [3, 10, 5, 11.5], "texture": "#rail"},
				"down": {"uv": [3, 11.5, 5, 10], "texture": "#rail"}
			}
		},
		{
			"name": "4",
			"from": [5, 1, 10],
			"to": [5.5, 1.5, 10.5],
			"faces": {
				"east": {"uv": [5, 10, 5.5, 10.5], "rotation": 90, "texture": "#rail"},
				"south": {"uv": [5, 10, 5.5, 10.5], "texture": "#rail"},
				"up": {"uv": [5, 10, 5.5, 10.5], "texture": "#rail"},
				"down": {"uv": [5, 10.5, 5.5, 10], "texture": "#rail"}
			}
		},
		{
			"name": "5",
			"from": [3.5, 1, 9],
			"to": [5.5, 1.5, 10],
			"faces": {
				"north": {"uv": [5.5, 9, 3.5, 9.5], "texture": "#rail"},
				"east": {"uv": [5, 9, 5.5, 10], "rotation": 90, "texture": "#rail"},
				"west": {"uv": [3.5, 9, 4, 10], "rotation": 270, "texture": "#rail"},
				"up": {"uv": [3.5, 9, 5.5, 10], "texture": "#rail"},
				"down": {"uv": [3.5, 10, 5.5, 9], "texture": "#rail"}
			}
		},
		{
			"name": "6",
			"from": [5.5, 1, 9],
			"to": [6, 1.5, 9.5],
			"faces": {
				"east": {"uv": [5.5, 9, 6, 9.5], "rotation": 90, "texture": "#rail"},
				"south": {"uv": [5.5, 9, 6, 9.5], "texture": "#rail"},
				"up": {"uv": [5.5, 9, 6, 9.5], "texture": "#rail"},
				"down": {"uv": [5.5, 9.5, 6, 9], "texture": "#rail"}
			}
		},
		{
			"name": "7",
			"from": [4, 1, 8.5],
			"to": [6.5, 1.5, 9],
			"faces": {
				"north": {"uv": [6.5, 8.5, 4, 9], "texture": "#rail"},
				"east": {"uv": [6, 8.5, 6.5, 9], "rotation": 90, "texture": "#rail"},
				"south": {"uv": [4, 8.5, 6.5, 9], "texture": "#rail"},
				"west": {"uv": [4, 8.5, 4.5, 9], "rotation": 270, "texture": "#rail"},
				"up": {"uv": [4, 8.5, 6.5, 9], "texture": "#rail"},
				"down": {"uv": [4, 9, 6.5, 8.5], "texture": "#rail"}
			}
		},
		{
			"name": "8",
			"from": [4.5, 1, 7.5],
			"to": [7, 1.5, 8.5],
			"faces": {
				"north": {"uv": [7, 7.5, 4.5, 8], "texture": "#rail"},
				"east": {"uv": [6.5, 7.5, 7, 8.5], "rotation": 90, "texture": "#rail"},
				"south": {"uv": [4.5, 8, 7, 8.5], "texture": "#rail"},
				"west": {"uv": [4.5, 7.5, 5, 8.5], "rotation": 270, "texture": "#rail"},
				"up": {"uv": [4.5, 7.5, 7, 8.5], "texture": "#rail"},
				"down": {"uv": [4.5, 8.5, 7, 7.5], "texture": "#rail"}
			}
		},
		{
			"name": "9",
			"from": [7, 1, 7.5],
			"to": [7.5, 1.5, 8],
			"faces": {
				"east": {"uv": [7, 7.5, 7.5, 8], "rotation": 90, "texture": "#rail"},
				"south": {"uv": [6.5, 7.5, 7, 8], "texture": "#rail"},
				"up": {"uv": [7, 7.5, 7.5, 8], "texture": "#rail"}
			}
		},
		{
			"name": "10",
			"from": [5, 1, 7],
			"to": [8, 1.5, 7.5],
			"faces": {
				"north": {"uv": [8, 7, 5, 7.5], "texture": "#rail"},
				"east": {"uv": [7.5, 7, 8, 7.5], "rotation": 90, "texture": "#rail"},
				"south": {"uv": [5, 7, 8, 7.5], "texture": "#rail"},
				"west": {"uv": [5, 7, 5.5, 7.5], "rotation": 270, "texture": "#rail"},
				"up": {"uv": [5, 7, 8, 7.5], "texture": "#rail"},
				"down": {"uv": [5, 7.5, 8, 7], "texture": "#rail"}
			}
		},
		{
			"name": "11",
			"from": [5.5, 1, 6.5],
			"to": [8.5, 1.5, 7],
			"faces": {
				"north": {"uv": [8.5, 6.5, 5.5, 7], "texture": "#rail"},
				"east": {"uv": [8, 6.5, 8.5, 7], "rotation": 90, "texture": "#rail"},
				"south": {"uv": [5.5, 6.5, 8.5, 7], "texture": "#rail"},
				"west": {"uv": [5.5, 6.5, 6, 7], "rotation": 270, "texture": "#rail"},
				"up": {"uv": [5.5, 6.5, 8.5, 7], "texture": "#rail"},
				"down": {"uv": [5.5, 7, 8.5, 6.5], "texture": "#rail"}
			}
		},
		{
			"name": "12",
			"from": [6, 1, 6],
			"to": [9, 1.5, 6.5],
			"faces": {
				"north": {"uv": [9, 6, 6, 6.5], "texture": "#rail"},
				"east": {"uv": [8.5, 6, 9, 6.5], "rotation": 90, "texture": "#rail"},
				"south": {"uv": [6, 6, 9, 6.5], "texture": "#rail"},
				"west": {"uv": [6, 6, 6.5, 6.5], "rotation": 270, "texture": "#rail"},
				"up": {"uv": [6, 6, 9, 6.5], "texture": "#rail"},
				"down": {"uv": [6, 6.5, 9, 6], "texture": "#rail"}
			}
		},
		{
			"name": "13",
			"from": [6.5, 1, 5.5],
			"to": [9.5, 1.5, 6],
			"faces": {
				"north": {"uv": [9.5, 5.5, 6.5, 6], "texture": "#rail"},
				"east": {"uv": [9, 5.5, 9.5, 6], "rotation": 90, "texture": "#rail"},
				"south": {"uv": [6.5, 5.5, 9.5, 6], "texture": "#rail"},
				"west": {"uv": [6.5, 5.5, 7, 6], "rotation": 270, "texture": "#rail"},
				"up": {"uv": [6.5, 5.5, 9.5, 6], "texture": "#rail"},
				"down": {"uv": [6.5, 6, 9.5, 5.5], "texture": "#rail"}
			}
		},
		{
			"name": "14",
			"from": [7, 1, 5],
			"to": [10.5, 1.5, 5.5],
			"faces": {
				"north": {"uv": [10.5, 5, 7, 5.5], "texture": "#rail"},
				"east": {"uv": [10, 5, 10.5, 5.5], "rotation": 90, "texture": "#rail"},
				"south": {"uv": [7, 5, 10.5, 5.5], "texture": "#rail"},
				"west": {"uv": [7, 5, 7.5, 5.5], "rotation": 270, "texture": "#rail"},
				"up": {"uv": [7, 5, 10.5, 5.5], "texture": "#rail"},
				"down": {"uv": [7, 5.5, 10.5, 5], "texture": "#rail"}
			}
		},
		{
			"name": "15",
			"from": [7.5, 1, 4.5],
			"to": [11.5, 1.5, 5],
			"faces": {
				"north": {"uv": [11.5, 4.5, 7.5, 5], "texture": "#rail"},
				"east": {"uv": [11, 4.5, 11.5, 5], "rotation": 90, "texture": "#rail"},
				"south": {"uv": [7.5, 4.5, 11.5, 5], "texture": "#rail"},
				"west": {"uv": [7.5, 4.5, 8, 5], "rotation": 270, "texture": "#rail"},
				"up": {"uv": [7.5, 4.5, 11.5, 5], "texture": "#rail"},
				"down": {"uv": [7.5, 5, 11.5, 4.5], "texture": "#rail"}
			}
		},
		{
			"name": "16",
			"from": [8.5, 1, 4],
			"to": [9, 1.5, 4.5],
			"faces": {
				"north": {"uv": [9, 4, 8.5, 4.5], "texture": "#rail"},
				"west": {"uv": [8.5, 4, 9, 4.5], "rotation": 270, "texture": "#rail"},
				"up": {"uv": [8.5, 4, 9, 4.5], "texture": "#rail"},
				"down": {"uv": [8.5, 4.5, 9, 4], "texture": "#rail"}
			}
		},
		{
			"name": "17",
			"from": [9, 1, 3.5],
			"to": [13.5, 1.5, 4.5],
			"faces": {
				"north": {"uv": [13.5, 3.5, 9, 4], "texture": "#rail"},
				"east": {"uv": [13, 3.5, 13.5, 4.5], "rotation": 90, "texture": "#rail"},
				"south": {"uv": [9, 4, 13.5, 4.5], "texture": "#rail"},
				"west": {"uv": [9, 3.5, 9.5, 4.5], "rotation": 270, "texture": "#rail"},
				"up": {"uv": [9, 3.5, 13.5, 4.5], "texture": "#rail"},
				"down": {"uv": [9, 4.5, 13.5, 3.5], "texture": "#rail"}
			}
		},
		{
			"name": "18",
			"from": [10, 1, 3],
			"to": [11.5, 1.5, 3.5],
			"faces": {
				"north": {"uv": [11.5, 3, 10, 3.5], "texture": "#rail"},
				"west": {"uv": [10, 3, 10.5, 3.5], "rotation": 270, "texture": "#rail"},
				"up": {"uv": [10, 3, 11.5, 3.5], "texture": "#rail"},
				"down": {"uv": [10, 3.5, 11.5, 3], "texture": "#rail"}
			}
		},
		{
			"name": "19",
			"from": [11.5, 1, 2.5],
			"to": [13.5, 1.5, 3.5],
			"faces": {
				"north": {"uv": [13.5, 2.5, 11.5, 3], "texture": "#rail"},
				"west": {"uv": [11.5, 2.5, 12, 3.5], "rotation": 270, "texture": "#rail"},
				"up": {"uv": [11.5, 2.5, 13.5, 3.5], "texture": "#rail"},
				"down": {"uv": [11.5, 3.5, 13.5, 2.5], "texture": "#rail"}
			}
		},
		{
			"name": "20",
			"from": [13.5, 1, 2],
			"to": [16, 1.5, 4],
			"faces": {
				"north": {"uv": [16, 2, 13.5, 2.5], "texture": "#rail"},
				"east": {"uv": [15.5, 2, 16, 4], "rotation": 90, "texture": "#rail"},
				"south": {"uv": [13.5, 3.5, 16, 4], "texture": "#rail"},
				"west": {"uv": [13.5, 2, 14, 4], "rotation": 270, "texture": "#rail"},
				"up": {"uv": [13.5, 2, 16, 4], "texture": "#rail"},
				"down": {"uv": [13.5, 4, 16, 2], "texture": "#rail"}
			}
		},
		{
			"name": "1",
			"from": [11.5, 0, 14],
			"to": [15, 1, 16],
			"faces": {
				"north": {"uv": [11.5, 14, 15, 13], "texture": "#sleeper_side"},
				"east": {"uv": [13, 14, 15, 15], "texture": "#sleeper_side"},
				"south": {"uv": [11, 10, 14.5, 11], "texture": "#sleeper_side", "cullface": "south"},
				"west": {"uv": [3, 14, 5, 15], "texture": "#sleeper_side"},
				"up": {"uv": [11.5, 14, 15, 16], "texture": "#rail"},
				"down": {"uv": [11.5, 16, 15, 14], "texture": "#sleeper_bottom", "cullface": "down"}
			}
		},
		{
			"name": "2",
			"from": [14, 0, 11.5],
			"to": [16, 1, 14],
			"faces": {
				"north": {"uv": [13, 9, 15, 10], "texture": "#sleeper_side"},
				"east": {"uv": [12.5, 10, 15, 11], "texture": "#sleeper_side", "cullface": "east"},
				"west": {"uv": [1, 10, 3.5, 11], "texture": "#sleeper_side"},
				"up": {"uv": [14, 11.5, 16, 14], "texture": "#rail"},
				"down": {"uv": [14, 14, 16, 11.5], "texture": "#sleeper_bottom", "cullface": "down"}
			}
		},
		{
			"name": "3",
			"from": [15, 0, 14],
			"to": [16, 1, 15],
			"faces": {
				"east": {"uv": [14, 14, 15, 15], "texture": "#sleeper_side", "cullface": "east"},
				"south": {"uv": [14, 10, 15, 11], "texture": "#sleeper_side"},
				"up": {"uv": [15, 14, 16, 15], "texture": "#rail"},
				"down": {"uv": [15, 15, 16, 14], "texture": "#sleeper_bottom", "cullface": "down"}
			}
		},
		{
			"name": "4",
			"from": [10, 0, 13.5],
			"to": [11.5, 1, 15.5],
			"faces": {
				"north": {"uv": [10, 14, 11.5, 13], "texture": "#sleeper_side"},
				"east": {"uv": [13, 13, 15, 14], "texture": "#sleeper_side"},
				"south": {"uv": [10, 10, 11.5, 11], "texture": "#sleeper_side"},
				"west": {"uv": [13, 14, 15, 15], "texture": "#sleeper_side"},
				"up": {"uv": [10, 13.5, 11.5, 15.5], "texture": "#rail"},
				"down": {"uv": [10, 15.5, 11.5, 13.5], "texture": "#sleeper_bottom", "cullface": "down"}
			}
		},
		{
			"name": "5",
			"from": [8.5, 0, 13],
			"to": [10, 1, 15],
			"faces": {
				"north": {"uv": [8.5, 14, 10, 13], "texture": "#sleeper_side"},
				"east": {"uv": [11, 13, 13, 14], "texture": "#sleeper_side"},
				"south": {"uv": [8.5, 14, 10, 15], "texture": "#sleeper_side"},
				"west": {"uv": [11, 14, 13, 15], "texture": "#sleeper_side"},
				"up": {"uv": [8.5, 13, 10, 15], "texture": "#rail"},
				"down": {"uv": [8.5, 15, 10, 13], "texture": "#sleeper_bottom", "cullface": "down"}
			}
		},
		{
			"name": "6",
			"from": [7, 0, 12.5],
			"to": [8.5, 1, 14.5],
			"faces": {
				"north": {"uv": [7, 14, 8.5, 13], "texture": "#sleeper_side"},
				"east": {"uv": [9, 13, 11, 14], "texture": "#sleeper_side"},
				"south": {"uv": [7, 14, 8.5, 15], "texture": "#sleeper_side"},
				"west": {"uv": [9, 14, 11, 15], "texture": "#sleeper_side"},
				"up": {"uv": [7, 12.5, 8.5, 14.5], "texture": "#rail"},
				"down": {"uv": [7, 14.5, 8.5, 12.5], "texture": "#sleeper_bottom", "cullface": "down"}
			}
		},
		{
			"name": "7",
			"from": [5.5, 0, 12],
			"to": [7, 1, 14],
			"faces": {
				"north": {"uv": [5.5, 14, 7, 13], "texture": "#sleeper_side"},
				"east": {"uv": [7, 13, 9, 14], "texture": "#sleeper_side"},
				"south": {"uv": [5.5, 14, 7, 15], "texture": "#sleeper_side"},
				"west": {"uv": [7, 14, 9, 15], "texture": "#sleeper_side"},
				"up": {"uv": [5.5, 12, 7, 14], "texture": "#rail"},
				"down": {"uv": [5.5, 14, 7, 12], "texture": "#sleeper_bottom", "cullface": "down"}
			}
		},
		{
			"name": "8",
			"from": [4, 0, 11.5],
			"to": [5.5, 1, 13.5],
			"faces": {
				"north": {"uv": [4, 14, 5.5, 13], "texture": "#sleeper_side"},
				"east": {"uv": [5, 13, 7, 14], "texture": "#sleeper_side"},
				"south": {"uv": [4, 14, 5.5, 15], "texture": "#sleeper_side"},
				"west": {"uv": [5, 14, 7, 15], "texture": "#sleeper_side"},
				"up": {"uv": [4, 11.5, 5.5, 13.5], "texture": "#rail"},
				"down": {"uv": [4, 13.5, 5.5, 11.5], "texture": "#sleeper_bottom", "cullface": "down"}
			}
		},
		{
			"name": "9",
			"from": [1.5, 0, 11],
			"to": [4, 1, 12.5],
			"faces": {
				"north": {"uv": [1, 14, 3.5, 13], "texture": "#sleeper_side"},
				"east": {"uv": [3.5, 13, 5.5, 14], "texture": "#sleeper_side"},
				"south": {"uv": [1, 14, 3.5, 15], "texture": "#sleeper_side"},
				"west": {"uv": [4.5, 14, 6, 15], "texture": "#sleeper_side"},
				"up": {"uv": [1.5, 11, 4, 12.5], "texture": "#rail"},
				"down": {"uv": [1.5, 12.5, 4, 11], "texture": "#sleeper_bottom", "cullface": "down"}
			}
		},
		{
			"name": "10",
			"from": [3, 0, 12.5],
			"to": [4, 1, 13],
			"faces": {
				"south": {"uv": [2.5, 14, 3.5, 15], "texture": "#sleeper_side"},
				"west": {"uv": [6, 14, 6.5, 15], "texture": "#sleeper_side"},
				"down": {"uv": [3, 13, 4, 12.5], "texture": "#sleeper_bottom", "cullface": "down"}
			}
		},
		{
			"name": "11",
			"from": [12.5, 0, 12.5],
			"to": [14, 1, 14],
			"faces": {
				"north": {"uv": [4, 7, 5.5, 6], "texture": "#sleeper_side"},
				"west": {"uv": [10.5, 6, 12, 7], "texture": "#sleeper_side"},
				"up": {"uv": [12.5, 12.5, 14, 14], "texture": "#rail"},
				"down": {"uv": [12.5, 14, 14, 12.5], "texture": "#sleeper_bottom", "cullface": "down"}
			}
		},
		{
			"name": "12",
			"from": [11.5, 0, 12.5],
			"to": [12.5, 1, 13],
			"faces": {
				"south": {"uv": [11.5, 10, 12.5, 11], "texture": "#sleeper_side"},
				"west": {"uv": [6, 5, 6.5, 6], "texture": "#sleeper_side"},
				"up": {"uv": [11.5, 12.5, 12.5, 13], "texture": "#rail"},
				"down": {"uv": [11.5, 13, 12.5, 12.5], "texture": "#sleeper_bottom", "cullface": "down"}
			}
		},
		{
			"name": "13",
			"from": [12, 0, 13],
			"to": [12.5, 1, 13.5],
			"faces": {
				"south": {"uv": [12, 10, 12.5, 11], "texture": "#sleeper_side"},
				"west": {"uv": [6.5, 5, 7, 6], "texture": "#sleeper_side"},
				"up": {"uv": [12, 13, 12.5, 13.5], "texture": "#rail"},
				"down": {"uv": [12, 13.5, 12.5, 13], "texture": "#sleeper_bottom", "cullface": "down"}
			}
		},
		{
			"name": "14",
			"from": [11, 0, 12],
			"to": [13.5, 1, 12.5],
			"faces": {
				"north": {"uv": [11, 10, 13.5, 9], "texture": "#sleeper_side"},
				"east": {"uv": [5.5, 5, 6, 6], "texture": "#sleeper_side"},
				"south": {"uv": [11, 10, 13.5, 11], "texture": "#sleeper_side"},
				"west": {"uv": [5.5, 5, 6, 6], "texture": "#sleeper_side"},
				"up": {"uv": [11, 12, 13.5, 12.5], "texture": "#rail"},
				"down": {"uv": [11, 12.5, 13.5, 12], "texture": "#sleeper_bottom", "cullface": "down"}
			}
		},
		{
			"name": "15",
			"from": [10.5, 0, 11.5],
			"to": [13, 1, 12],
			"faces": {
				"north": {"uv": [10.5, 10, 13, 9], "texture": "#sleeper_side"},
				"east": {"uv": [5, 5, 5.5, 6], "texture": "#sleeper_side"},
				"south": {"uv": [10.5, 10, 13, 11], "texture": "#sleeper_side"},
				"west": {"uv": [5, 5, 5.5, 6], "texture": "#sleeper_side"},
				"up": {"uv": [10.5, 11.5, 13, 12], "texture": "#rail"},
				"down": {"uv": [10.5, 12, 13, 11.5], "texture": "#sleeper_bottom", "cullface": "down"}
			}
		},
		{
			"name": "16",
			"from": [10, 0, 11],
			"to": [12.5, 1, 11.5],
			"faces": {
				"north": {"uv": [10, 10, 12.5, 9], "texture": "#sleeper_side"},
				"east": {"uv": [5, 5, 5.5, 6], "texture": "#sleeper_side"},
				"south": {"uv": [10, 10, 12.5, 11], "texture": "#sleeper_side"},
				"west": {"uv": [4.5, 5, 5, 6], "texture": "#sleeper_side"},
				"up": {"uv": [10, 11, 12.5, 11.5], "texture": "#rail"},
				"down": {"uv": [10, 11.5, 12.5, 11], "texture": "#sleeper_bottom", "cullface": "down"}
			}
		},
		{
			"name": "17",
			"from": [9.5, 0, 10.5],
			"to": [12, 1, 11],
			"faces": {
				"north": {"uv": [9.5, 10, 12, 9], "texture": "#sleeper_side"},
				"east": {"uv": [4, 5, 4.5, 6], "texture": "#sleeper_side"},
				"south": {"uv": [9.5, 10, 12, 11], "texture": "#sleeper_side"},
				"west": {"uv": [4, 5, 4.5, 6], "texture": "#sleeper_side"},
				"up": {"uv": [9.5, 10.5, 12, 11], "texture": "#rail"},
				"down": {"uv": [9.5, 11, 12, 10.5], "texture": "#sleeper_bottom", "cullface": "down"}
			}
		},
		{
			"name": "18",
			"from": [9, 0, 10],
			"to": [11.5, 1, 10.5],
			"faces": {
				"north": {"uv": [9, 10, 11.5, 9], "texture": "#sleeper_side"},
				"east": {"uv": [3.5, 5, 4, 6], "texture": "#sleeper_side"},
				"south": {"uv": [9, 10, 11.5, 11], "texture": "#sleeper_side"},
				"west": {"uv": [3.5, 5, 4, 6], "texture": "#sleeper_side"},
				"up": {"uv": [9, 10, 11.5, 10.5], "texture": "#rail"},
				"down": {"uv": [9, 10.5, 11.5, 10], "texture": "#sleeper_bottom", "cullface": "down"}
			}
		},
		{
			"name": "19",
			"from": [8.5, 0, 9.5],
			"to": [11, 1, 10],
			"faces": {
				"north": {"uv": [8.5, 10, 11, 9], "texture": "#sleeper_side"},
				"east": {"uv": [3, 5, 3.5, 6], "texture": "#sleeper_side"},
				"south": {"uv": [8.5, 10, 11, 11], "texture": "#sleeper_side"},
				"west": {"uv": [3, 5, 3.5, 6], "texture": "#sleeper_side"},
				"up": {"uv": [8.5, 9.5, 11, 10], "texture": "#rail"},
				"down": {"uv": [8.5, 10, 11, 9.5], "texture": "#sleeper_bottom", "cullface": "down"}
			}
		},
		{
			"name": "20",
			"from": [8, 0, 9],
			"to": [10.5, 1, 9.5],
			"faces": {
				"north": {"uv": [8, 10, 10.5, 9], "texture": "#sleeper_side"},
				"east": {"uv": [2.5, 5, 3, 6], "texture": "#sleeper_side"},
				"south": {"uv": [8, 10, 10.5, 11], "texture": "#sleeper_side"},
				"west": {"uv": [2.5, 5, 3, 6], "texture": "#sleeper_side"},
				"up": {"uv": [8, 9, 10.5, 9.5], "texture": "#rail"},
				"down": {"uv": [8, 9.5, 10.5, 9], "texture": "#sleeper_bottom", "cullface": "down"}
			}
		},
		{
			"name": "21",
			"from": [7.5, 0, 8.5],
			"to": [10, 1, 9],
			"faces": {
				"north": {"uv": [7.5, 10, 10, 9], "texture": "#sleeper_side"},
				"east": {"uv": [2, 5, 2.5, 6], "texture": "#sleeper_side"},
				"south": {"uv": [7.5, 10, 10, 11], "texture": "#sleeper_side"},
				"west": {"uv": [2, 5, 2.5, 6], "texture": "#sleeper_side"},
				"up": {"uv": [7.5, 8.5, 10, 9], "texture": "#rail"},
				"down": {"uv": [7.5, 9, 10, 8.5], "texture": "#sleeper_bottom", "cullface": "down"}
			}
		},
		{
			"name": "22",
			"from": [7, 0, 8],
			"to": [9.5, 1, 8.5],
			"faces": {
				"north": {"uv": [7, 10, 9.5, 9], "texture": "#sleeper_side"},
				"east": {"uv": [1.5, 5, 2, 6], "texture": "#sleeper_side"},
				"south": {"uv": [7, 10, 9.5, 11], "texture": "#sleeper_side"},
				"west": {"uv": [1.5, 5, 2, 6], "texture": "#sleeper_side"},
				"up": {"uv": [7, 8, 9.5, 8.5], "texture": "#rail"},
				"down": {"uv": [7, 8.5, 9.5, 8], "texture": "#sleeper_bottom", "cullface": "down"}
			}
		},
		{
			"name": "23",
			"from": [6.5, 0, 7.5],
			"to": [9, 1, 8],
			"faces": {
				"north": {"uv": [6.5, 10, 9, 9], "texture": "#sleeper_side"},
				"east": {"uv": [1, 5, 1.5, 6], "texture": "#sleeper_side"},
				"south": {"uv": [6.5, 10, 9, 11], "texture": "#sleeper_side"},
				"west": {"uv": [1, 5, 1.5, 6], "texture": "#sleeper_side"},
				"up": {"uv": [6.5, 7.5, 9, 8], "texture": "#rail"},
				"down": {"uv": [6.5, 8, 9, 7.5], "texture": "#sleeper_bottom", "cullface": "down"}
			}
		},
		{
			"name": "24",
			"from": [6, 0, 7],
			"to": [8.5, 1, 7.5],
			"faces": {
				"north": {"uv": [6, 10, 8.5, 9], "texture": "#sleeper_side"},
				"east": {"uv": [9.5, 1, 10, 2], "texture": "#sleeper_side"},
				"south": {"uv": [6, 10, 8.5, 11], "texture": "#sleeper_side"},
				"west": {"uv": [9.5, 2, 10, 3], "texture": "#sleeper_side"},
				"up": {"uv": [6, 7, 8.5, 7.5], "texture": "#rail"},
				"down": {"uv": [6, 7.5, 8.5, 7], "texture": "#sleeper_bottom", "cullface": "down"}
			}
		},
		{
			"name": "25",
			"from": [5.5, 0, 6.5],
			"to": [8, 1, 7],
			"faces": {
				"north": {"uv": [5.5, 10, 8, 9], "texture": "#sleeper_side"},
				"east": {"uv": [9, 1, 9.5, 2], "texture": "#sleeper_side"},
				"south": {"uv": [5.5, 10, 8, 11], "texture": "#sleeper_side"},
				"west": {"uv": [9, 2, 9.5, 3], "texture": "#sleeper_side"},
				"down": {"uv": [5.5, 7, 8, 6.5], "texture": "#sleeper_bottom", "cullface": "down"}
			}
		},
		{
			"name": "26",
			"from": [5, 0, 6],
			"to": [7.5, 1, 6.5],
			"faces": {
				"north": {"uv": [5, 10, 7.5, 9], "texture": "#sleeper_side"},
				"east": {"uv": [8.5, 1, 9, 2], "texture": "#sleeper_side"},
				"south": {"uv": [5, 10, 7.5, 11], "texture": "#sleeper_side"},
				"west": {"uv": [8.5, 2, 9, 3], "texture": "#sleeper_side"},
				"up": {"uv": [5, 6, 7.5, 6.5], "texture": "#rail"},
				"down": {"uv": [5, 6.5, 7.5, 6], "texture": "#sleeper_bottom", "cullface": "down"}
			}
		},
		{
			"name": "27",
			"from": [5, 0, 5.5],
			"to": [7, 1, 6],
			"faces": {
				"north": {"uv": [5, 10, 7, 9], "texture": "#sleeper_side"},
				"east": {"uv": [8, 1, 8.5, 2], "texture": "#sleeper_side"},
				"west": {"uv": [8, 2, 8.5, 3], "texture": "#sleeper_side"},
				"up": {"uv": [5, 5.5, 7, 6], "texture": "#rail"},
				"down": {"uv": [5, 6, 7, 5.5], "texture": "#sleeper_bottom", "cullface": "down"}
			}
		},
		{
			"name": "28",
			"from": [5.5, 0, 5],
			"to": [6.5, 1, 5.5],
			"faces": {
				"north": {"uv": [5.5, 10, 6.5, 9], "texture": "#sleeper_side"},
				"east": {"uv": [8, 1, 8.5, 2], "texture": "#sleeper_side"},
				"west": {"uv": [8, 2, 8.5, 3], "texture": "#sleeper_side"},
				"up": {"uv": [5.5, 5, 6.5, 5.5], "texture": "#rail"},
				"down": {"uv": [5.5, 5.5, 6.5, 5], "texture": "#sleeper_bottom", "cullface": "down"}
			}
		},
		{
			"name": "29",
			"from": [13.5, 0, 10],
			"to": [15.5, 1, 11.5],
			"faces": {
				"north": {"uv": [9, 5, 11, 6], "texture": "#sleeper_side"},
				"east": {"uv": [10.5, 6, 12, 7], "texture": "#sleeper_side"},
				"south": {"uv": [5, 2, 7, 3], "texture": "#sleeper_side"},
				"west": {"uv": [11, 2, 12.5, 3], "texture": "#sleeper_side"},
				"up": {"uv": [13.5, 10, 15.5, 11.5], "texture": "#rail"},
				"down": {"uv": [13.5, 11.5, 15.5, 10], "texture": "#sleeper_bottom", "cullface": "down"}
			}
		},
		{
			"name": "30",
			"from": [13, 0, 8.5],
			"to": [15, 1, 10],
			"faces": {
				"north": {"uv": [8.5, 5, 10.5, 6], "texture": "#sleeper_side"},
				"east": {"uv": [9, 6, 10.5, 7], "texture": "#sleeper_side"},
				"south": {"uv": [4.5, 2, 6.5, 3], "texture": "#sleeper_side"},
				"west": {"uv": [9.5, 2, 11, 3], "texture": "#sleeper_side"},
				"up": {"uv": [13, 8.5, 15, 10], "texture": "#rail"},
				"down": {"uv": [13, 10, 15, 8.5], "texture": "#sleeper_bottom", "cullface": "down"}
			}
		},
		{
			"name": "31",
			"from": [12.5, 0, 7],
			"to": [14.5, 1, 8.5],
			"faces": {
				"north": {"uv": [8, 5, 10, 6], "texture": "#sleeper_side"},
				"east": {"uv": [7.5, 6, 9, 7], "texture": "#sleeper_side"},
				"south": {"uv": [4, 2, 6, 3], "texture": "#sleeper_side"},
				"west": {"uv": [8, 2, 9.5, 3], "texture": "#sleeper_side"},
				"up": {"uv": [12.5, 7, 14.5, 8.5], "texture": "#rail"},
				"down": {"uv": [12.5, 8.5, 14.5, 7], "texture": "#sleeper_bottom", "cullface": "down"}
			}
		},
		{
			"name": "32",
			"from": [12, 0, 5.5],
			"to": [14, 1, 7],
			"faces": {
				"north": {"uv": [7.5, 5, 9.5, 6], "texture": "#sleeper_side"},
				"east": {"uv": [6, 6, 7.5, 7], "texture": "#sleeper_side"},
				"south": {"uv": [3.5, 2, 5.5, 3], "texture": "#sleeper_side"},
				"west": {"uv": [6.5, 2, 8, 3], "texture": "#sleeper_side"},
				"up": {"uv": [12, 5.5, 14, 7], "texture": "#rail"},
				"down": {"uv": [12, 7, 14, 5.5], "texture": "#sleeper_bottom", "cullface": "down"}
			}
		},
		{
			"name": "33",
			"from": [11.5, 0, 4],
			"to": [13.5, 1, 5.5],
			"faces": {
				"north": {"uv": [7, 5, 9, 6], "texture": "#sleeper_side"},
				"east": {"uv": [4.5, 6, 6, 7], "texture": "#sleeper_side"},
				"south": {"uv": [3, 2, 5, 3], "texture": "#sleeper_side"},
				"west": {"uv": [5, 2, 6.5, 3], "texture": "#sleeper_side"},
				"up": {"uv": [11.5, 4, 13.5, 5.5], "texture": "#rail"},
				"down": {"uv": [11.5, 5.5, 13.5, 4], "texture": "#sleeper_bottom", "cullface": "down"}
			}
		},
		{
			"name": "34",
			"from": [11, 0, 3],
			"to": [13, 1, 4],
			"faces": {
				"north": {"uv": [6.5, 5, 8.5, 6], "texture": "#sleeper_side"},
				"east": {"uv": [3, 6, 4.5, 7], "texture": "#sleeper_side"},
				"south": {"uv": [2.5, 2, 4.5, 3], "texture": "#sleeper_side"},
				"west": {"uv": [3.5, 2, 5, 3], "texture": "#sleeper_side"},
				"down": {"uv": [11, 4, 13, 3], "texture": "#sleeper_bottom", "cullface": "down"}
			}
		},
		{
			"name": "35",
			"from": [11, 0, 1.5],
			"to": [12.5, 1, 3],
			"faces": {
				"north": {"uv": [10.5, 6, 12, 7], "texture": "#sleeper_side"},
				"east": {"uv": [3, 6, 4.5, 7], "texture": "#sleeper_side"},
				"west": {"uv": [3.5, 2, 5, 3], "texture": "#sleeper_side"},
				"up": {"uv": [11, 1.5, 12.5, 3], "texture": "#rail"},
				"down": {"uv": [11, 3, 12.5, 1.5], "texture": "#sleeper_bottom", "cullface": "down"}
			}
		}
	],
	"groups": [
		{
			"name": "group",
			"origin": [8, 8, 8],
			"color": 0,
			"children": [
				{
					"name": "rail",
					"origin": [8, 8, 8],
					"color": 0,
					"children": [
						{
							"name": "east",
							"origin": [0, 0, 0],
							"color": 0,
							"children": [0, 1, 2, 3, 4, 5, 6]
						},
						{
							"name": "west",
							"origin": [0, 0, 0],
							"color": 0,
							"children": [7, 8, 9, 10, 11, 12, 13, 14, 15, 16, 17, 18, 19, 20, 21, 22, 23, 24, 25, 26]
						}
					]
				},
				{
					"name": "sleeper",
					"origin": [8, 8, 8],
					"color": 0,
					"children": [27, 28, 29, 30, 31, 32, 33, 34, 35, 36, 37, 38, 39, 40, 41, 42, 43, 44, 45, 46, 47, 48, 49, 50, 51, 52, 53, 54, 55, 56, 57, 58, 59, 60, 61]
				}
			]
		}
	]
}