{
	"credit": "Created by mullak99",
	"ambientocclusion": false,
	"textures": {
		"particle": "block/crimson_door_bottom",
		"door": "block/crimson_door_bottom",
		"side_bottom_hinge": "ctm/doors/crimson/side_bottom_hinge",
		"side_bottom": "ctm/doors/crimson/side_bottom",
		"bottom": "ctm/doors/crimson/bottom"
	},
	"elements": [
		{
			"name": "west",
			"from": [3, 5.5, 0],
			"to": [3.5, 11.5, 16],
			"rotation": {"angle": 0, "axis": "y", "origin": [11.5, 11.2, 9.9]},
			"faces": {
				"north": {"uv": [15.5, 4.5, 16, 10.5], "texture": "#door"},
				"east": {"uv": [0, 4.5, 16, 10.5], "texture": "#door"},
				"south": {"uv": [0, 4.5, 0.5, 10.5], "texture": "#door", "cullface": "south"},
				"up": {"uv": [0, 4.5, 16, 5], "rotation": 270, "texture": "#door"},
				"down": {"uv": [16, 10.5, 0, 11], "rotation": 270, "texture": "#door"}
			}
		},
		{
			"name": "main",
			"from": [0, 0, 0],
			"to": [3, 16, 16],
			"rotation": {"angle": 0, "axis": "y", "origin": [11.5, 11.2, 9.9]},
			"faces": {
				"north": {"uv": [0, 0, 3, 16], "texture": "#side_bottom"},
				"east": {"uv": [0, 0, 16, 16], "texture": "#door"},
				"south": {"uv": [3, 0, 0, 16], "texture": "#side_bottom_hinge", "cullface": "south"},
				"west": {"uv": [16, 0, 0, 16], "texture": "#door", "cullface": "west"},
				"down": {"uv": [0, 0, 16, 3], "rotation": 90, "texture": "#bottom", "cullface": "down"}
			}
		},
		{
			"name": "east",
			"from": [-0.5, 5.5, 0],
			"to": [0, 11.5, 16],
			"rotation": {"angle": 0, "axis": "y", "origin": [11.5, 11.2, 9.9]},
			"faces": {
				"north": {"uv": [15.5, 4.5, 16, 10.5], "texture": "#door", "cullface": "west"},
				"south": {"uv": [0, 4.5, 0.5, 10.5], "texture": "#door", "cullface": "west"},
				"west": {"uv": [16, 4.5, 0, 10.5], "texture": "#door", "cullface": "west"},
				"up": {"uv": [16, 4.5, 0, 5], "rotation": 90, "texture": "#door", "cullface": "west"},
				"down": {"uv": [0, 10.5, 16, 11], "rotation": 90, "texture": "#door", "cullface": "west"}
			}
		},
		{
			"name": "1",
			"from": [-0.5, 15, 2],
			"to": [3.5, 15.5, 4.5],
			"rotation": {"angle": 0, "axis": "y", "origin": [11.5, 11.2, 9.9]},
			"faces": {
				"north": {"uv": [13.5, 0.5, 14, 1], "texture": "#door"},
				"east": {"uv": [11.5, 0.5, 14, 1], "texture": "#door"},
				"south": {"uv": [11.5, 0.5, 12, 1], "texture": "#door"},
				"west": {"uv": [14, 0.5, 11.5, 1], "texture": "#door", "cullface": "west"},
				"down": {"uv": [11.5, 0.5, 14, 1], "rotation": 270, "texture": "#door"}
			}
		},
		{
			"name": "2",
			"from": [-0.5, 15.5, 1.5],
			"to": [3.5, 16, 5],
			"rotation": {"angle": 0, "axis": "y", "origin": [11.5, 11.2, 9.9]},
			"faces": {
				"north": {"uv": [14, 0, 14.5, 0.5], "texture": "#door"},
				"east": {"uv": [11, 0, 14.5, 0.5], "texture": "#door"},
				"south": {"uv": [11, 0, 11.5, 0.5], "texture": "#door"},
				"west": {"uv": [14.5, 0, 11, 0.5], "texture": "#door", "cullface": "west"},
				"down": {"uv": [11, 0, 14.5, 0.5], "rotation": 270, "texture": "#door"}
			}
		}
	],
	"display": {
		"thirdperson_righthand": {
			"rotation": [75, 45, 0],
			"translation": [0, 2.5, 0],
			"scale": [0.375, 0.375, 0.375]
		},
		"firstperson_righthand": {
			"rotation": [0, 45, 0],
			"scale": [0.4, 0.4, 0.4]
		},
		"firstperson_lefthand": {
			"rotation": [0, 225, 0],
			"scale": [0.4, 0.4, 0.4]
		},
		"ground": {
			"translation": [0, 3, 0],
			"scale": [0.25, 0.25, 0.25]
		},
		"gui": {
			"rotation": [30, 225, 0],
			"scale": [0.625, 0.625, 0.625]
		},
		"fixed": {
			"scale": [0.5, 0.5, 0.5]
		}
	},
	"groups": [
		{
			"name": "group",
			"origin": [8, 8, 8],
			"color": 0,
			"children": [0, 1, 2,
				{
					"name": "handle",
					"origin": [8, 8, 8],
					"color": 0,
					"children": [3, 4]
				}
			]
		}
	]
}