{
	"credit": "Created by mullak99",
	"ambientocclusion": false,
	"textures": {
		"down": "block/cactus_bottom",
		"up": "block/cactus_top",
		"north": "block/cactus_side",
		"south": "block/cactus_side",
		"west": "block/cactus_side",
		"east": "block/cactus_side",
		"particle": "block/cactus_side"
	},
	"elements": [
		{
			"name": "main",
			"from": [1, 0, 1],
			"to": [15, 16, 15],
			"faces": {
				"north": {"uv": [15, 0, 1, 16], "texture": "#north"},
				"east": {"uv": [15, 0, 1, 16], "texture": "#east"},
				"south": {"uv": [1, 0, 15, 16], "texture": "#south"},
				"west": {"uv": [1, 0, 15, 16], "texture": "#west"},
				"up": {"uv": [1, 1, 15, 15], "texture": "#up", "cullface": "up"},
				"down": {"uv": [1, 1, 15, 15], "texture": "#down", "cullface": "down"}
			}
		},
		{
			"name": "1",
			"from": [0.5, 13, 1],
			"to": [1, 13.5, 1.5],
			"faces": {
				"north": {"uv": [1, 12, 2, 12.5], "texture": "#north"},
				"south": {"uv": [1, 12, 2, 12.5], "texture": "#south"},
				"west": {"uv": [1.5, 12, 2, 12.5], "texture": "#west"},
				"up": {"uv": [1, 7.5, 2, 8], "texture": "#up"},
				"down": {"uv": [1, 7.5, 2, 8], "texture": "#up"}
			}
		},
		{
			"name": "2",
			"from": [1, 13, 0],
			"to": [1.5, 13.5, 1],
			"faces": {
				"north": {"uv": [1, 12, 2, 12.5], "texture": "#north", "cullface": "north"},
				"east": {"uv": [1.5, 12, 2, 12.5], "texture": "#east"},
				"west": {"uv": [1.5, 12, 2, 12.5], "texture": "#west"},
				"up": {"uv": [1, 7.5, 2, 8], "texture": "#up"},
				"down": {"uv": [1, 7.5, 2, 8], "texture": "#up"}
			}
		},
		{
			"name": "3",
			"from": [1, 9, 0.5],
			"to": [1.5, 9.5, 1],
			"faces": {
				"north": {"uv": [1, 12, 2, 12.5], "texture": "#north"},
				"east": {"uv": [1.5, 12, 2, 12.5], "texture": "#east"},
				"west": {"uv": [1.5, 12, 2, 12.5], "texture": "#west"},
				"up": {"uv": [1, 7.5, 2, 8], "texture": "#up"},
				"down": {"uv": [1, 7.5, 2, 8], "texture": "#up"}
			}
		},
		{
			"name": "4",
			"from": [0, 9, 1],
			"to": [1, 9.5, 1.5],
			"faces": {
				"north": {"uv": [1, 12, 2, 12.5], "texture": "#north"},
				"south": {"uv": [1, 12, 2, 12.5], "texture": "#south"},
				"west": {"uv": [1.5, 12, 2, 12.5], "texture": "#west", "cullface": "west"},
				"up": {"uv": [1, 7.5, 2, 8], "texture": "#up"},
				"down": {"uv": [1, 7.5, 2, 8], "texture": "#up"}
			}
		},
		{
			"name": "5",
			"from": [1, 3.5, 0],
			"to": [1.5, 4, 1],
			"faces": {
				"north": {"uv": [1, 12, 2, 12.5], "texture": "#north", "cullface": "north"},
				"east": {"uv": [1.5, 12, 2, 12.5], "texture": "#east"},
				"west": {"uv": [1.5, 12, 2, 12.5], "texture": "#west"},
				"up": {"uv": [1, 7.5, 2, 8], "texture": "#up"},
				"down": {"uv": [1, 7.5, 2, 8], "texture": "#up"}
			}
		},
		{
			"name": "6",
			"from": [0, 3.5, 1],
			"to": [1, 4, 1.5],
			"faces": {
				"north": {"uv": [1, 12, 2, 12.5], "texture": "#north"},
				"south": {"uv": [1, 12, 2, 12.5], "texture": "#south"},
				"west": {"uv": [1.5, 12, 2, 12.5], "texture": "#west", "cullface": "west"},
				"up": {"uv": [1, 7.5, 2, 8], "texture": "#up"},
				"down": {"uv": [1, 7.5, 2, 8], "texture": "#up"}
			}
		},
		{
			"name": "1",
			"from": [0, 13.5, 14.5],
			"to": [1, 14, 15],
			"faces": {
				"north": {"uv": [1, 12, 2, 12.5], "texture": "#north"},
				"south": {"uv": [1, 12, 2, 12.5], "texture": "#south"},
				"west": {"uv": [1.5, 12, 2, 12.5], "texture": "#west", "cullface": "west"},
				"up": {"uv": [1, 7.5, 2, 8], "texture": "#up"},
				"down": {"uv": [1, 7.5, 2, 8], "texture": "#up"}
			}
		},
		{
			"name": "2",
			"from": [1, 13, 15],
			"to": [1.5, 13.5, 16],
			"faces": {
				"east": {"uv": [1.5, 12, 2, 12.5], "texture": "#east"},
				"south": {"uv": [1, 12, 2, 12.5], "texture": "#south", "cullface": "south"},
				"west": {"uv": [1.5, 12, 2, 12.5], "texture": "#west"},
				"up": {"uv": [1, 7.5, 2, 8], "texture": "#up"},
				"down": {"uv": [1, 7.5, 2, 8], "texture": "#up"}
			}
		},
		{
			"name": "3",
			"from": [1, 9.5, 15],
			"to": [1.5, 10, 16],
			"faces": {
				"east": {"uv": [1.5, 12, 2, 12.5], "texture": "#east"},
				"south": {"uv": [1, 12, 2, 12.5], "texture": "#south", "cullface": "south"},
				"west": {"uv": [1.5, 12, 2, 12.5], "texture": "#west"},
				"up": {"uv": [1, 7.5, 2, 8], "texture": "#up"},
				"down": {"uv": [1, 7.5, 2, 8], "texture": "#up"}
			}
		},
		{
			"name": "4",
			"from": [0, 9, 14.5],
			"to": [1, 9.5, 15],
			"faces": {
				"north": {"uv": [1, 12, 2, 12.5], "texture": "#north"},
				"south": {"uv": [1, 12, 2, 12.5], "texture": "#south"},
				"west": {"uv": [1.5, 12, 2, 12.5], "texture": "#west", "cullface": "west"},
				"up": {"uv": [1, 7.5, 2, 8], "texture": "#up"},
				"down": {"uv": [1, 7.5, 2, 8], "texture": "#up"}
			}
		},
		{
			"name": "5",
			"from": [0, 5, 14.5],
			"to": [1, 5.5, 15],
			"faces": {
				"north": {"uv": [1, 12, 2, 12.5], "texture": "#north"},
				"south": {"uv": [1, 12, 2, 12.5], "texture": "#south"},
				"west": {"uv": [1.5, 12, 2, 12.5], "texture": "#west", "cullface": "west"},
				"up": {"uv": [1, 7.5, 2, 8], "texture": "#up"},
				"down": {"uv": [1, 7.5, 2, 8], "texture": "#up"}
			}
		},
		{
			"name": "6",
			"from": [1, 5, 14],
			"to": [1.5, 5.5, 16],
			"faces": {
				"east": {"uv": [1.5, 12, 2, 12.5], "texture": "#east"},
				"south": {"uv": [1, 12, 2, 12.5], "texture": "#south", "cullface": "south"},
				"west": {"uv": [1.5, 12, 2, 12.5], "texture": "#west"},
				"up": {"uv": [1, 7.5, 2, 8], "texture": "#up"},
				"down": {"uv": [1, 7.5, 2, 8], "texture": "#up"}
			}
		},
		{
			"name": "7",
			"from": [0.5, 3.5, 14.5],
			"to": [1, 4, 15],
			"faces": {
				"north": {"uv": [1, 12, 2, 12.5], "texture": "#north"},
				"south": {"uv": [1, 12, 2, 12.5], "texture": "#south"},
				"west": {"uv": [1.5, 12, 2, 12.5], "texture": "#west"},
				"up": {"uv": [1, 7.5, 2, 8], "texture": "#up"},
				"down": {"uv": [1, 7.5, 2, 8], "texture": "#up"}
			}
		},
		{
			"name": "1",
			"from": [14.5, 13.5, 15],
			"to": [15, 14, 16],
			"faces": {
				"east": {"uv": [1.5, 12, 2, 12.5], "texture": "#east"},
				"south": {"uv": [1, 12, 2, 12.5], "texture": "#south", "cullface": "south"},
				"west": {"uv": [1.5, 12, 2, 12.5], "texture": "#west"},
				"up": {"uv": [1, 7.5, 2, 8], "texture": "#up"},
				"down": {"uv": [1, 7.5, 2, 8], "texture": "#up"}
			}
		},
		{
			"name": "2",
			"from": [15, 13.5, 14],
			"to": [16, 14, 14.5],
			"faces": {
				"north": {"uv": [1, 12, 2, 12.5], "texture": "#north"},
				"east": {"uv": [1.5, 12, 2, 12.5], "texture": "#east", "cullface": "east"},
				"south": {"uv": [1, 12, 2, 12.5], "texture": "#south"},
				"up": {"uv": [1, 7.5, 2, 8], "texture": "#up"},
				"down": {"uv": [1, 7.5, 2, 8], "texture": "#up"}
			}
		},
		{
			"name": "3",
			"from": [14.5, 9.5, 15],
			"to": [15, 10, 16],
			"faces": {
				"east": {"uv": [1.5, 12, 2, 12.5], "texture": "#east"},
				"south": {"uv": [1, 12, 2, 12.5], "texture": "#south", "cullface": "south"},
				"west": {"uv": [1.5, 12, 2, 12.5], "texture": "#west"},
				"up": {"uv": [1, 7.5, 2, 8], "texture": "#up"},
				"down": {"uv": [1, 7.5, 2, 8], "texture": "#up"}
			}
		},
		{
			"name": "4",
			"from": [15, 9.5, 14],
			"to": [16, 10, 14.5],
			"faces": {
				"north": {"uv": [1, 12, 2, 12.5], "texture": "#north"},
				"east": {"uv": [1.5, 12, 2, 12.5], "texture": "#east", "cullface": "east"},
				"south": {"uv": [1, 12, 2, 12.5], "texture": "#south"},
				"up": {"uv": [1, 7.5, 2, 8], "texture": "#up"},
				"down": {"uv": [1, 7.5, 2, 8], "texture": "#up"}
			}
		},
		{
			"name": "6",
			"from": [15, 5, 14.5],
			"to": [16, 5.5, 15],
			"faces": {
				"north": {"uv": [1, 12, 2, 12.5], "texture": "#north"},
				"east": {"uv": [1.5, 12, 2, 12.5], "texture": "#east", "cullface": "east"},
				"south": {"uv": [1, 12, 2, 12.5], "texture": "#south"},
				"up": {"uv": [1, 7.5, 2, 8], "texture": "#up"},
				"down": {"uv": [1, 7.5, 2, 8], "texture": "#up"}
			}
		},
		{
			"name": "7",
			"from": [14.5, 5, 14],
			"to": [15, 5.5, 16],
			"faces": {
				"east": {"uv": [1.5, 12, 2, 12.5], "texture": "#east"},
				"south": {"uv": [1, 12, 2, 12.5], "texture": "#south", "cullface": "south"},
				"west": {"uv": [1.5, 12, 2, 12.5], "texture": "#west"},
				"up": {"uv": [1, 7.5, 2, 8], "texture": "#up"},
				"down": {"uv": [1, 7.5, 2, 8], "texture": "#up"}
			}
		},
		{
			"name": "1",
			"from": [15, 9.5, 1],
			"to": [16, 10, 1.5],
			"faces": {
				"north": {"uv": [1, 12, 2, 12.5], "texture": "#north"},
				"east": {"uv": [1.5, 12, 2, 12.5], "texture": "#east", "cullface": "east"},
				"south": {"uv": [1, 12, 2, 12.5], "texture": "#south"},
				"up": {"uv": [1, 7.5, 2, 8], "texture": "#up"},
				"down": {"uv": [1, 7.5, 2, 8], "texture": "#up"}
			}
		},
		{
			"name": "2",
			"from": [14.5, 9, 0.5],
			"to": [15, 9.5, 1],
			"faces": {
				"north": {"uv": [1, 12, 2, 12.5], "texture": "#north"},
				"east": {"uv": [1.5, 12, 2, 12.5], "texture": "#east"},
				"west": {"uv": [1.5, 12, 2, 12.5], "texture": "#west"},
				"up": {"uv": [1, 7.5, 2, 8], "texture": "#up"},
				"down": {"uv": [1, 7.5, 2, 8], "texture": "#up"}
			}
		},
		{
			"name": "3",
			"from": [15, 5, 1],
			"to": [16, 5.5, 1.5],
			"faces": {
				"north": {"uv": [1, 12, 2, 12.5], "texture": "#north"},
				"east": {"uv": [1.5, 12, 2, 12.5], "texture": "#east", "cullface": "east"},
				"south": {"uv": [1, 12, 2, 12.5], "texture": "#south"},
				"up": {"uv": [1, 7.5, 2, 8], "texture": "#up"},
				"down": {"uv": [1, 7.5, 2, 8], "texture": "#up"}
			}
		},
		{
			"name": "4",
			"from": [14.5, 3.5, 0],
			"to": [15, 4, 1.5],
			"faces": {
				"north": {"uv": [1, 12, 2, 12.5], "texture": "#north", "cullface": "north"},
				"east": {"uv": [1.5, 12, 2, 12.5], "texture": "#east"},
				"west": {"uv": [1.5, 12, 2, 12.5], "texture": "#west"},
				"up": {"uv": [1, 7.5, 2, 8], "texture": "#up"},
				"down": {"uv": [1, 7.5, 2, 8], "texture": "#up"}
			}
		},
		{
			"name": "5",
			"from": [15, 13, 1],
			"to": [16, 13.5, 1.5],
			"faces": {
				"north": {"uv": [1, 12, 2, 12.5], "texture": "#north"},
				"east": {"uv": [1.5, 12, 2, 12.5], "texture": "#east", "cullface": "east"},
				"south": {"uv": [1, 12, 2, 12.5], "texture": "#south"},
				"up": {"uv": [1, 7.5, 2, 8], "texture": "#up"},
				"down": {"uv": [1, 7.5, 2, 8], "texture": "#up"}
			}
		},
		{
			"name": "6",
			"from": [14.5, 13.5, 0.5],
			"to": [15, 14, 1],
			"faces": {
				"north": {"uv": [1, 12, 2, 12.5], "texture": "#north"},
				"east": {"uv": [1.5, 12, 2, 12.5], "texture": "#east"},
				"west": {"uv": [1.5, 12, 2, 12.5], "texture": "#west"},
				"up": {"uv": [1, 7.5, 2, 8], "texture": "#up"},
				"down": {"uv": [1, 7.5, 2, 8], "texture": "#up"}
			}
		}
	],
	"display": {
		"thirdperson_righthand": {
			"rotation": [-106, -45, -180],
			"translation": [0, 1.51, 0],
			"scale": [0.38, 0.38, 0.38]
		},
		"thirdperson_lefthand": {
			"rotation": [-106, -45, -180],
			"translation": [0, 1.51, 0],
			"scale": [0.38, 0.38, 0.38]
		},
		"firstperson_righthand": {
			"rotation": [0, -45, 0],
			"scale": [0.4, 0.4, 0.4]
		},
		"gui": {
			"rotation": [-150, -45, -180],
			"scale": [0.62, 0.62, 0.62]
		},
		"fixed": {
			"scale": [0.5, 0.5, 0.5]
		}
	},
	"groups": [
		{
			"name": "group",
			"children": [0,
				{
					"name": "1",
					"children": [1, 2, 3, 4, 5, 6]
				},
				{
					"name": "2",
					"children": [7, 8, 9, 10, 11, 12, 13]
				},
				{
					"name": "3",
					"children": [14, 15, 16, 17, 18, 19]
				},
				{
					"name": "4",
					"children": [20, 21, 22, 23, 24, 25]
				}
			]
		}
	]
}