{
	"credit": "Created by mullak99",
	"parent": "block/block",
	"textures": {
		"particle": "block/chain",
		"chain": "block/chain"
	},
	"elements": [
		{
			"name": "1",
			"from": [7.75, 14.5, 7],
			"to": [8.25, 15.001, 9],
			"rotation": {"angle": -45, "axis": "y", "origin": [8, 8, 8]},
			"faces": {
				"north": {"uv": [0.5, 1, 1, 1.5], "texture": "#chain"},
				"east": {"uv": [0.5, 1, 2.5, 1.5], "texture": "#chain"},
				"south": {"uv": [0.5, 12, 1, 12.5], "texture": "#chain"},
				"west": {"uv": [2.5, 1, 0.5, 1.5], "texture": "#chain"},
				"up": {"uv": [0.5, 1, 2.5, 1.5], "rotation": 270, "texture": "#chain"}
			}
		},
		{
			"name": "2",
			"from": [7.75, 12.5, 6.5],
			"to": [8.25, 14.5, 7.5],
			"rotation": {"angle": -45, "axis": "y", "origin": [8, 8, 8]},
			"faces": {
				"north": {"uv": [2.5, 1.5, 3, 3.5], "texture": "#chain"},
				"east": {"uv": [2, 1.5, 3, 3.5], "texture": "#chain"},
				"south": {"uv": [2, 1.5, 2.5, 3.5], "texture": "#chain"},
				"west": {"uv": [3, 1.5, 2, 3.5], "texture": "#chain"},
				"up": {"uv": [2.5, 1.5, 3, 2], "texture": "#chain"},
				"down": {"uv": [2.5, 14, 3, 14.5], "texture": "#chain"}
			}
		},
		{
			"name": "3",
			"from": [7, 11.999, 7.75],
			"to": [9, 12.5, 8.25],
			"rotation": {"angle": 45, "axis": "y", "origin": [8, 8, 8]},
			"faces": {
				"north": {"uv": [0.5, 3.5, 2.5, 4], "texture": "#chain"},
				"east": {"uv": [2, 3.5, 2.5, 4], "texture": "#chain"},
				"south": {"uv": [0.5, 3.5, 2.5, 4], "texture": "#chain"},
				"west": {"uv": [0.5, 3.5, 1, 4], "texture": "#chain"},
				"down": {"uv": [0.5, 3.5, 2.5, 4], "texture": "#chain"}
			}
		},
		{
			"name": "4",
			"from": [7.75, 12.5, 8.5],
			"to": [8.25, 14.5, 9.5],
			"rotation": {"angle": -45, "axis": "y", "origin": [8, 8, 8]},
			"faces": {
				"north": {"uv": [0.5, 1.5, 1, 3.5], "texture": "#chain"},
				"east": {"uv": [0, 1.5, 1, 3.5], "texture": "#chain"},
				"south": {"uv": [0, 1.5, 0.5, 3.5], "texture": "#chain"},
				"west": {"uv": [1, 1.5, 0, 3.5], "texture": "#chain"},
				"up": {"uv": [0, 1.5, 0.5, 2], "texture": "#chain"},
				"down": {"uv": [0, 14, 0.5, 14.5], "texture": "#chain"}
			}
		},
		{
			"name": "5",
			"from": [7.75, 14, 7.5],
			"to": [8.25, 14.5, 8.5],
			"rotation": {"angle": -45, "axis": "y", "origin": [8, 8, 8]},
			"faces": {
				"east": {"uv": [1, 1.5, 2, 2], "texture": "#chain"},
				"west": {"uv": [1, 1.5, 2, 2], "texture": "#chain"},
				"down": {"uv": [1, 1.5, 2, 2], "rotation": 90, "texture": "#chain"}
			}
		},
		{
			"name": "6",
			"from": [7.75, 12.5, 7.5],
			"to": [8.25, 13, 8.5],
			"rotation": {"angle": -45, "axis": "y", "origin": [8, 8, 8]},
			"faces": {
				"east": {"uv": [1, 3, 2, 3.5], "texture": "#chain"},
				"west": {"uv": [1, 3, 2, 3.5], "texture": "#chain"},
				"up": {"uv": [1, 3, 2, 3.5], "rotation": 270, "texture": "#chain"}
			}
		},
		{
			"name": "1",
			"from": [7.75, 9.5, 7],
			"to": [8.25, 10.001, 9],
			"rotation": {"angle": -45, "axis": "y", "origin": [8, 8, 8]},
			"faces": {
				"north": {"uv": [2, 6, 2.5, 6.5], "texture": "#chain"},
				"east": {"uv": [0.5, 6, 2.5, 6.5], "texture": "#chain"},
				"south": {"uv": [0.5, 6, 1, 6.5], "texture": "#chain"},
				"west": {"uv": [2.5, 6, 0.5, 6.5], "texture": "#chain"},
				"up": {"uv": [0.5, 6, 2.5, 6.5], "rotation": 270, "texture": "#chain"}
			}
		},
		{
			"name": "2",
			"from": [7.75, 6.5, 6.5],
			"to": [8.25, 9.5, 7.5],
			"rotation": {"angle": -45, "axis": "y", "origin": [8, 8, 8]},
			"faces": {
				"north": {"uv": [2.5, 6.5, 3, 9.5], "texture": "#chain"},
				"east": {"uv": [2, 6.5, 3, 9.5], "texture": "#chain"},
				"south": {"uv": [2, 6.5, 2.5, 9.5], "texture": "#chain"},
				"west": {"uv": [3, 6.5, 2, 9.5], "texture": "#chain"},
				"up": {"uv": [2.5, 6.5, 3, 7], "texture": "#chain"},
				"down": {"uv": [2.5, 9, 3, 9.5], "texture": "#chain"}
			}
		},
		{
			"name": "3",
			"from": [7.75, 5.999, 7],
			"to": [8.25, 6.5, 9],
			"rotation": {"angle": -45, "axis": "y", "origin": [8, 8, 8]},
			"faces": {
				"north": {"uv": [2, 9.5, 2.5, 10], "texture": "#chain"},
				"east": {"uv": [0.5, 9.5, 2.5, 10], "texture": "#chain"},
				"south": {"uv": [0.5, 9.5, 1, 10], "texture": "#chain"},
				"west": {"uv": [2.5, 9.5, 0.5, 10], "texture": "#chain"},
				"down": {"uv": [3.5, 12.5, 5.5, 13], "rotation": 90, "texture": "#chain"}
			}
		},
		{
			"name": "4",
			"from": [7.75, 6.5, 8.5],
			"to": [8.25, 9.5, 9.5],
			"rotation": {"angle": -45, "axis": "y", "origin": [8, 8, 8]},
			"faces": {
				"north": {"uv": [0.5, 6.5, 1, 9.5], "texture": "#chain"},
				"east": {"uv": [0, 6.5, 1, 9.5], "texture": "#chain"},
				"south": {"uv": [0, 6.5, 0.5, 9.5], "texture": "#chain"},
				"west": {"uv": [1, 6.5, 0, 9.5], "texture": "#chain"},
				"up": {"uv": [0, 6.5, 0.5, 7], "texture": "#chain"},
				"down": {"uv": [0, 9, 0.5, 9.5], "texture": "#chain"}
			}
		},
		{
			"name": "5",
			"from": [7.75, 9, 7.5],
			"to": [8.25, 9.5, 8.5],
			"rotation": {"angle": -45, "axis": "y", "origin": [8, 8, 8]},
			"faces": {
				"east": {"uv": [1, 6.5, 2, 7], "texture": "#chain"},
				"west": {"uv": [1, 6.5, 2, 7], "texture": "#chain"},
				"down": {"uv": [1, 6.5, 2, 7], "texture": "#chain"}
			}
		},
		{
			"name": "6",
			"from": [7.75, 6.5, 7.5],
			"to": [8.25, 7, 8.5],
			"rotation": {"angle": -45, "axis": "y", "origin": [8, 8, 8]},
			"faces": {
				"east": {"uv": [1, 9, 2, 9.5], "texture": "#chain"},
				"west": {"uv": [2, 9, 1, 9.5], "texture": "#chain"},
				"up": {"uv": [1, 9, 2, 9.5], "rotation": 270, "texture": "#chain"}
			}
		},
		{
			"name": "1",
			"from": [7.75, 3.5, 7],
			"to": [8.25, 4.001, 9],
			"rotation": {"angle": -45, "axis": "y", "origin": [8, 8, 8]},
			"faces": {
				"north": {"uv": [2, 12, 2.5, 12.5], "texture": "#chain"},
				"east": {"uv": [0.5, 12, 2.5, 12.5], "texture": "#chain"},
				"south": {"uv": [0.5, 12, 1, 12.5], "texture": "#chain"},
				"west": {"uv": [2.5, 12, 0.5, 12.5], "texture": "#chain"},
				"up": {"uv": [0.5, 12, 2.5, 12.5], "rotation": 270, "texture": "#chain"}
			}
		},
		{
			"name": "2",
			"from": [7.75, 1.5, 6.5],
			"to": [8.25, 3.5, 7.5],
			"rotation": {"angle": -45, "axis": "y", "origin": [8, 8, 8]},
			"faces": {
				"north": {"uv": [2.5, 12.5, 3, 14.5], "texture": "#chain"},
				"east": {"uv": [2, 12.5, 3, 14.5], "texture": "#chain"},
				"south": {"uv": [2, 12.5, 2.5, 14.5], "texture": "#chain"},
				"west": {"uv": [3, 12.5, 2, 14.5], "texture": "#chain"},
				"up": {"uv": [2.5, 12.5, 3, 13], "texture": "#chain"},
				"down": {"uv": [2.5, 14, 3, 14.5], "texture": "#chain"}
			}
		},
		{
			"name": "3",
			"from": [7, 0.999, 7.75],
			"to": [9, 1.5, 8.25],
			"rotation": {"angle": 45, "axis": "y", "origin": [8, 8, 8]},
			"faces": {
				"north": {"uv": [0.5, 14.5, 2.5, 15], "texture": "#chain"},
				"east": {"uv": [2, 14.5, 2.5, 15], "texture": "#chain"},
				"south": {"uv": [0.5, 14.5, 2.5, 15], "texture": "#chain"},
				"west": {"uv": [0.5, 14.5, 1, 15], "texture": "#chain"},
				"down": {"uv": [0.5, 14.5, 2.5, 15], "texture": "#chain"}
			}
		},
		{
			"name": "4",
			"from": [7.75, 1.5, 8.5],
			"to": [8.25, 3.5, 9.5],
			"rotation": {"angle": -45, "axis": "y", "origin": [8, 8, 8]},
			"faces": {
				"north": {"uv": [0.5, 12.5, 1, 14.5], "texture": "#chain"},
				"east": {"uv": [0, 12.5, 1, 14.5], "texture": "#chain"},
				"south": {"uv": [0, 12.5, 0.5, 14.5], "texture": "#chain"},
				"west": {"uv": [1, 12.5, 0, 14.5], "texture": "#chain"},
				"up": {"uv": [0, 12.5, 0.5, 13], "texture": "#chain"},
				"down": {"uv": [0, 14, 0.5, 14.5], "texture": "#chain"}
			}
		},
		{
			"name": "5",
			"from": [7.75, 3, 7.5],
			"to": [8.25, 3.5, 8.5],
			"rotation": {"angle": -45, "axis": "y", "origin": [8, 8, 8]},
			"faces": {
				"east": {"uv": [1, 12.5, 2, 13], "texture": "#chain"},
				"west": {"uv": [1, 12.5, 2, 13], "texture": "#chain"},
				"down": {"uv": [1, 12.5, 2, 13], "texture": "#chain"}
			}
		},
		{
			"name": "6",
			"from": [7.75, 1.5, 7.5],
			"to": [8.25, 2, 8.5],
			"rotation": {"angle": -45, "axis": "y", "origin": [8, 8, 8]},
			"faces": {
				"east": {"uv": [1, 14, 2, 14.5], "texture": "#chain"},
				"west": {"uv": [1, 14, 2, 14.5], "texture": "#chain"},
				"up": {"uv": [1, 14, 2, 14.5], "rotation": 270, "texture": "#chain"}
			}
		},
		{
			"name": "1",
			"from": [7.75, 14.5, 6.5],
			"to": [8.25, 16, 7.5],
			"rotation": {"angle": 45, "axis": "y", "origin": [8, 8, 8]},
			"faces": {
				"north": {"uv": [5.5, 0, 6, 1.5], "texture": "#chain"},
				"east": {"uv": [5, 0, 6, 1.5], "texture": "#chain"},
				"south": {"uv": [5, 0, 5.5, 1.5], "texture": "#chain"},
				"west": {"uv": [6, 0, 5, 1.5], "texture": "#chain"},
				"up": {"uv": [5, 0, 6, 0.5], "rotation": 270, "texture": "#chain", "cullface": "up"},
				"down": {"uv": [5, 1, 6, 1.5], "rotation": 90, "texture": "#chain"}
			}
		},
		{
			"name": "2",
			"from": [7.75, 14, 7],
			"to": [8.25, 14.501, 9],
			"rotation": {"angle": 45, "axis": "y", "origin": [8, 8, 8]},
			"faces": {
				"north": {"uv": [5, 14, 5.5, 14.5], "texture": "#chain"},
				"east": {"uv": [3.5, 1.5, 5.5, 2], "texture": "#chain"},
				"south": {"uv": [3.5, 1.5, 4, 2], "texture": "#chain"},
				"west": {"uv": [5.5, 1.5, 3.5, 2], "texture": "#chain"},
				"down": {"uv": [3.5, 1.5, 5.5, 2], "rotation": 90, "texture": "#chain"}
			}
		},
		{
			"name": "3",
			"from": [7.75, 14.5, 8.5],
			"to": [8.25, 16, 9.5],
			"rotation": {"angle": 45, "axis": "y", "origin": [8, 8, 8]},
			"faces": {
				"north": {"uv": [3.5, 0, 4, 1.5], "texture": "#chain"},
				"east": {"uv": [3, 0, 4, 1.5], "texture": "#chain"},
				"south": {"uv": [3, 0, 3.5, 1.5], "texture": "#chain"},
				"west": {"uv": [4, 0, 3, 1.5], "texture": "#chain"},
				"up": {"uv": [3, 0, 4, 0.5], "rotation": 270, "texture": "#chain", "cullface": "up"},
				"down": {"uv": [3, 1, 4, 1.5], "rotation": 90, "texture": "#chain"}
			}
		},
		{
			"name": "4",
			"from": [7.75, 14.5, 7.5],
			"to": [8.25, 15, 8.5],
			"rotation": {"angle": 45, "axis": "y", "origin": [8, 8, 8]},
			"faces": {
				"east": {"uv": [4, 1, 5, 1.5], "texture": "#chain"},
				"west": {"uv": [4, 1, 5, 1.5], "texture": "#chain"},
				"up": {"uv": [4, 1, 5, 1.5], "rotation": 90, "texture": "#chain"}
			}
		},
		{
			"name": "1",
			"from": [7.75, 12.5, 7],
			"to": [8.25, 13.001, 9],
			"rotation": {"angle": 45, "axis": "y", "origin": [8, 8, 8]},
			"faces": {
				"north": {"uv": [5, 3, 5.5, 3.5], "texture": "#chain"},
				"east": {"uv": [3.5, 3, 5.5, 3.5], "texture": "#chain"},
				"south": {"uv": [3.5, 3, 4, 3.5], "texture": "#chain"},
				"west": {"uv": [5.5, 3, 3.5, 3.5], "texture": "#chain"},
				"up": {"uv": [3.5, 3, 5.5, 3.5], "rotation": 270, "texture": "#chain"}
			}
		},
		{
			"name": "2",
			"from": [7.75, 9.5, 6.5],
			"to": [8.25, 12.5, 7.5],
			"rotation": {"angle": 45, "axis": "y", "origin": [8, 8, 8]},
			"faces": {
				"north": {"uv": [5.5, 3.5, 6, 6.5], "texture": "#chain"},
				"east": {"uv": [5, 3.5, 6, 6.5], "texture": "#chain"},
				"south": {"uv": [5, 3.5, 5.5, 6.5], "texture": "#chain"},
				"west": {"uv": [6, 3.5, 5, 6.5], "texture": "#chain"},
				"up": {"uv": [5.5, 3.5, 6, 4], "texture": "#chain"},
				"down": {"uv": [5.5, 6, 6, 6.5], "texture": "#chain"}
			}
		},
		{
			"name": "3",
			"from": [7.75, 8.999, 7],
			"to": [8.25, 9.5, 9],
			"rotation": {"angle": 45, "axis": "y", "origin": [8, 8, 8]},
			"faces": {
				"north": {"uv": [5, 6.5, 5.5, 7], "texture": "#chain"},
				"east": {"uv": [3.5, 12.5, 5.5, 13], "texture": "#chain"},
				"south": {"uv": [3.5, 6.5, 4, 7], "texture": "#chain"},
				"west": {"uv": [5.5, 6.5, 3.5, 7], "texture": "#chain"},
				"down": {"uv": [3.5, 6.5, 5.5, 7], "rotation": 90, "texture": "#chain"}
			}
		},
		{
			"name": "4",
			"from": [7.75, 9.5, 8.5],
			"to": [8.25, 12.5, 9.5],
			"rotation": {"angle": 45, "axis": "y", "origin": [8, 8, 8]},
			"faces": {
				"north": {"uv": [3.5, 3.5, 4, 6.5], "texture": "#chain"},
				"east": {"uv": [3, 3.5, 4, 6.5], "texture": "#chain"},
				"south": {"uv": [3, 3.5, 3.5, 6.5], "texture": "#chain"},
				"west": {"uv": [4, 3.5, 3, 6.5], "texture": "#chain"},
				"up": {"uv": [3, 3.5, 3.5, 4], "texture": "#chain"},
				"down": {"uv": [3, 6, 3.5, 6.5], "texture": "#chain"}
			}
		},
		{
			"name": "5",
			"from": [7.75, 12, 7.5],
			"to": [8.25, 12.5, 8.5],
			"rotation": {"angle": 45, "axis": "y", "origin": [8, 8, 8]},
			"faces": {
				"east": {"uv": [4, 3.5, 5, 4], "texture": "#chain"},
				"west": {"uv": [4, 3.5, 5, 4], "texture": "#chain"},
				"down": {"uv": [4, 3.5, 5, 4], "texture": "#chain"}
			}
		},
		{
			"name": "6",
			"from": [7.75, 9.5, 7.5],
			"to": [8.25, 10, 8.5],
			"rotation": {"angle": 45, "axis": "y", "origin": [8, 8, 8]},
			"faces": {
				"east": {"uv": [4, 12, 5, 12.5], "texture": "#chain"},
				"west": {"uv": [5, 6, 4, 6.5], "texture": "#chain"},
				"up": {"uv": [4, 6, 5, 6.5], "rotation": 270, "texture": "#chain"}
			}
		},
		{
			"name": "1",
			"from": [7.75, 6.5, 7],
			"to": [8.25, 7.001, 9],
			"rotation": {"angle": 45, "axis": "y", "origin": [8, 8, 8]},
			"faces": {
				"north": {"uv": [5, 9, 5.5, 9.5], "texture": "#chain"},
				"east": {"uv": [3.5, 9, 5.5, 9.5], "texture": "#chain"},
				"south": {"uv": [3.5, 9, 4, 9.5], "texture": "#chain"},
				"west": {"uv": [5.5, 9, 3.5, 9.5], "texture": "#chain"},
				"up": {"uv": [3.5, 9, 5.5, 9.5], "rotation": 270, "texture": "#chain"}
			}
		},
		{
			"name": "2",
			"from": [7.75, 3.5, 6.5],
			"to": [8.25, 6.5, 7.5],
			"rotation": {"angle": 45, "axis": "y", "origin": [8, 8, 8]},
			"faces": {
				"north": {"uv": [5.5, 9.5, 6, 12.5], "texture": "#chain"},
				"east": {"uv": [5, 9.5, 6, 12.5], "texture": "#chain"},
				"south": {"uv": [5, 9.5, 5.5, 12.5], "texture": "#chain"},
				"west": {"uv": [6, 9.5, 5, 12.5], "texture": "#chain"},
				"up": {"uv": [5.5, 9.5, 6, 10], "texture": "#chain"},
				"down": {"uv": [5.5, 12, 6, 12.5], "texture": "#chain"}
			}
		},
		{
			"name": "3",
			"from": [7.75, 2.999, 7],
			"to": [8.25, 3.5, 9],
			"rotation": {"angle": 45, "axis": "y", "origin": [8, 8, 8]},
			"faces": {
				"north": {"uv": [5, 12.5, 5.5, 13], "texture": "#chain"},
				"east": {"uv": [3.5, 12.5, 5.5, 13], "texture": "#chain"},
				"south": {"uv": [3.5, 12.5, 4, 13], "texture": "#chain"},
				"west": {"uv": [5.5, 12.5, 3.5, 13], "texture": "#chain"},
				"down": {"uv": [3.5, 12.5, 5.5, 13], "rotation": 90, "texture": "#chain"}
			}
		},
		{
			"name": "4",
			"from": [7.75, 3.5, 8.5],
			"to": [8.25, 6.5, 9.5],
			"rotation": {"angle": 45, "axis": "y", "origin": [8, 8, 8]},
			"faces": {
				"north": {"uv": [3.5, 9.5, 4, 12.5], "texture": "#chain"},
				"east": {"uv": [3, 9.5, 4, 12.5], "texture": "#chain"},
				"south": {"uv": [3, 9.5, 3.5, 12.5], "texture": "#chain"},
				"west": {"uv": [4, 9.5, 3, 12.5], "texture": "#chain"},
				"up": {"uv": [3, 9.5, 3.5, 10], "texture": "#chain"},
				"down": {"uv": [3, 12, 3.5, 12.5], "texture": "#chain"}
			}
		},
		{
			"name": "5",
			"from": [7.75, 6, 7.5],
			"to": [8.25, 6.5, 8.5],
			"rotation": {"angle": 45, "axis": "y", "origin": [8, 8, 8]},
			"faces": {
				"east": {"uv": [4, 9.5, 5, 10], "texture": "#chain"},
				"west": {"uv": [1, 12.5, 2, 13], "texture": "#chain"},
				"down": {"uv": [4, 9.5, 5, 10], "texture": "#chain"}
			}
		},
		{
			"name": "6",
			"from": [7.75, 3.5, 7.5],
			"to": [8.25, 4, 8.5],
			"rotation": {"angle": 45, "axis": "y", "origin": [8, 8, 8]},
			"faces": {
				"east": {"uv": [4, 12, 5, 12.5], "texture": "#chain"},
				"west": {"uv": [5, 12, 4, 12.5], "texture": "#chain"},
				"up": {"uv": [4, 12, 5, 12.5], "rotation": 270, "texture": "#chain"}
			}
		},
		{
			"name": "1",
			"from": [7.75, 1.5, 7],
			"to": [8.25, 2.001, 9],
			"rotation": {"angle": 45, "axis": "y", "origin": [8, 8, 8]},
			"faces": {
				"north": {"uv": [5, 14, 5.5, 14.5], "texture": "#chain"},
				"east": {"uv": [3.5, 14, 5.5, 14.5], "texture": "#chain"},
				"south": {"uv": [3.5, 14, 4, 14.5], "texture": "#chain"},
				"west": {"uv": [5.5, 14, 3.5, 14.5], "texture": "#chain"},
				"up": {"uv": [3.5, 14, 5.5, 14.5], "rotation": 270, "texture": "#chain"}
			}
		},
		{
			"name": "2",
			"from": [7.75, 0, 6.5],
			"to": [8.25, 1.5, 7.5],
			"rotation": {"angle": 45, "axis": "y", "origin": [8, 8, 8]},
			"faces": {
				"north": {"uv": [5.5, 14.5, 6, 16], "texture": "#chain"},
				"east": {"uv": [5, 14.5, 6, 16], "texture": "#chain"},
				"south": {"uv": [5, 14.5, 5.5, 16], "texture": "#chain"},
				"west": {"uv": [6, 14.5, 5, 16], "texture": "#chain"},
				"up": {"uv": [5.5, 14.5, 6, 15], "texture": "#chain"},
				"down": {"uv": [5, 15.5, 6, 16], "rotation": 90, "texture": "#chain", "cullface": "down"}
			}
		},
		{
			"name": "3",
			"from": [7.75, 0, 8.5],
			"to": [8.25, 1.5, 9.5],
			"rotation": {"angle": 45, "axis": "y", "origin": [8, 8, 8]},
			"faces": {
				"north": {"uv": [3.5, 14.5, 4, 16], "texture": "#chain"},
				"east": {"uv": [3, 14.5, 4, 16], "texture": "#chain"},
				"south": {"uv": [3, 14.5, 3.5, 16], "texture": "#chain"},
				"west": {"uv": [4, 14.5, 3, 16], "texture": "#chain"},
				"up": {"uv": [3, 14.5, 3.5, 15], "texture": "#chain"},
				"down": {"uv": [3, 15.5, 4, 16], "rotation": 90, "texture": "#chain", "cullface": "down"}
			}
		},
		{
			"name": "4",
			"from": [7.75, 1, 7.5],
			"to": [8.25, 1.5, 8.5],
			"rotation": {"angle": 45, "axis": "y", "origin": [8, 8, 8]},
			"faces": {
				"east": {"uv": [4, 14.5, 5, 15], "texture": "#chain"},
				"west": {"uv": [4, 14.5, 5, 15], "texture": "#chain"},
				"down": {"uv": [4, 14.5, 5, 15], "rotation": 90, "texture": "#chain"}
			}
		}
	],
	"groups": [
		{
			"name": "group",
			"origin": [8, 8, 8],
			"children": [
				{
					"name": "1",
					"origin": [8, 8, 8],
					"children": [
						{
							"name": "1",
							"origin": [8, 8, 8],
							"children": [0, 1, 2, 3, 4, 5]
						},
						{
							"name": "2",
							"origin": [8, 8, 8],
							"children": [6, 7, 8, 9, 10, 11]
						},
						{
							"name": "3",
							"origin": [8, 8, 8],
							"children": [12, 13, 14, 15, 16, 17]
						}
					]
				},
				{
					"name": "2",
					"origin": [8, 8, 8],
					"children": [
						{
							"name": "1",
							"origin": [8, 8, 8],
							"children": [18, 19, 20, 21]
						},
						{
							"name": "2",
							"origin": [8, 8, 8],
							"children": [22, 23, 24, 25, 26, 27]
						},
						{
							"name": "3",
							"origin": [8, 8, 8],
							"children": [28, 29, 30, 31, 32, 33]
						},
						{
							"name": "4",
							"origin": [8, 8, 8],
							"children": [34, 35, 36, 37]
						}
					]
				}
			]
		}
	]
}