{
	"credit": "Created by mullak99",
	"ambientocclusion": false,
	"textures": {
		"particle": "block/furnace_top",
		"down": "block/furnace_top",
		"up": "block/dispenser_front_vertical"
	},
	"elements": [
		{
			"name": "main",
			"from": [0, 0, 0],
			"to": [16, 15, 16],
			"faces": {
				"north": {"uv": [0, 1, 16, 16], "texture": "#down", "cullface": "north"},
				"east": {"uv": [0, 1, 16, 16], "texture": "#down", "cullface": "east"},
				"south": {"uv": [16, 1, 0, 16], "texture": "#down", "cullface": "south"},
				"west": {"uv": [16, 1, 0, 16], "texture": "#down", "cullface": "west"},
				"up": {"uv": [0, 0, 16, 16], "texture": "#up"},
				"down": {"uv": [0, 0, 16, 16], "texture": "#down", "cullface": "down"}
			}
		},
		{
			"name": "north",
			"from": [0, 15, 0],
			"to": [16, 16, 5],
			"faces": {
				"north": {"uv": [0, 0, 16, 1], "texture": "#down", "cullface": "north"},
				"east": {"uv": [11, 0, 16, 1], "texture": "#down", "cullface": "east"},
				"south": {"uv": [7, 5, 9, 5.5], "texture": "#up"},
				"west": {"uv": [16, 0, 11, 1], "texture": "#down", "cullface": "west"},
				"up": {"uv": [0, 0, 16, 5], "texture": "#up", "cullface": "up"}
			}
		},
		{
			"name": "south",
			"from": [0, 15, 11],
			"to": [16, 16, 16],
			"faces": {
				"north": {"uv": [7, 10.5, 9, 11], "texture": "#up"},
				"east": {"uv": [0, 0, 5, 1], "texture": "#down", "cullface": "east"},
				"south": {"uv": [16, 0, 0, 1], "texture": "#down", "cullface": "south"},
				"west": {"uv": [5, 0, 0, 1], "texture": "#down", "cullface": "west"},
				"up": {"uv": [0, 11, 16, 16], "texture": "#up", "cullface": "up"}
			}
		},
		{
			"name": "west",
			"from": [0, 15, 5],
			"to": [5, 16, 11],
			"faces": {
				"east": {"uv": [5, 7, 5.5, 9], "texture": "#up"},
				"west": {"uv": [11, 0, 5, 1], "texture": "#down", "cullface": "west"},
				"up": {"uv": [0, 5, 5, 11], "texture": "#up", "cullface": "up"}
			}
		},
		{
			"name": "east",
			"from": [11, 15, 5],
			"to": [16, 16, 11],
			"faces": {
				"east": {"uv": [5, 0, 11, 1], "texture": "#down", "cullface": "east"},
				"west": {"uv": [10.5, 7, 11, 9], "texture": "#up"},
				"up": {"uv": [11, 5, 16, 11], "texture": "#up", "cullface": "up"}
			}
		},
		{
			"name": "1",
			"from": [10, 15, 5],
			"to": [11, 16, 6],
			"faces": {
				"south": {"uv": [10, 6, 10.5, 6.5], "texture": "#up"},
				"west": {"uv": [9.5, 5.5, 10, 6], "texture": "#up"},
				"up": {"uv": [10, 5, 11, 6], "texture": "#up", "cullface": "up"}
			}
		},
		{
			"name": "2",
			"from": [9, 15, 5],
			"to": [10, 16, 5.5],
			"faces": {
				"south": {"uv": [9, 5.5, 10, 6], "texture": "#up"},
				"west": {"uv": [8.5, 5, 9, 5.5], "texture": "#up"},
				"up": {"uv": [9, 5, 10, 5.5], "texture": "#up", "cullface": "up"}
			}
		},
		{
			"name": "3",
			"from": [10.5, 15, 6],
			"to": [11, 16, 7],
			"faces": {
				"south": {"uv": [10.5, 7, 11, 7.5], "texture": "#up"},
				"west": {"uv": [10, 6, 10.5, 7], "texture": "#up"},
				"up": {"uv": [10.5, 6, 11, 7], "texture": "#up", "cullface": "up"}
			}
		},
		{
			"name": "1",
			"from": [5, 15, 5],
			"to": [6, 16, 6],
			"faces": {
				"east": {"uv": [6, 5.5, 6.5, 6], "texture": "#up"},
				"south": {"uv": [5.5, 6, 6, 6.5], "texture": "#up"},
				"up": {"uv": [5, 5, 6, 6], "texture": "#up", "cullface": "up"}
			}
		},
		{
			"name": "2",
			"from": [6, 15, 5],
			"to": [7, 16, 5.5],
			"faces": {
				"east": {"uv": [7, 5, 7.5, 5.5], "texture": "#up"},
				"south": {"uv": [6, 5.5, 7, 6], "texture": "#up"},
				"up": {"uv": [6, 5, 7, 5.5], "texture": "#up", "cullface": "up"}
			}
		},
		{
			"name": "3",
			"from": [5, 15, 6],
			"to": [5.5, 16, 7],
			"faces": {
				"east": {"uv": [5.5, 6, 6, 7], "texture": "#up"},
				"south": {"uv": [5, 7, 5.5, 7.5], "texture": "#up"},
				"up": {"uv": [5, 6, 5.5, 7], "texture": "#up", "cullface": "up"}
			}
		},
		{
			"name": "1",
			"from": [10, 15, 10],
			"to": [11, 16, 11],
			"faces": {
				"north": {"uv": [10, 9.5, 10.5, 10], "texture": "#up"},
				"west": {"uv": [9.5, 10, 10, 10.5], "texture": "#up"},
				"up": {"uv": [10, 10, 11, 11], "texture": "#up", "cullface": "up"}
			}
		},
		{
			"name": "2",
			"from": [6, 15, 10.5],
			"to": [7, 16, 11],
			"faces": {
				"north": {"uv": [6, 10, 7, 10.5], "texture": "#up"},
				"east": {"uv": [7, 10.5, 7.5, 11], "texture": "#up"},
				"up": {"uv": [6, 10.5, 7, 11], "texture": "#up", "cullface": "up"}
			}
		},
		{
			"name": "3",
			"from": [10.5, 15, 9],
			"to": [11, 16, 10],
			"faces": {
				"north": {"uv": [10.5, 8.5, 11, 9], "texture": "#up"},
				"west": {"uv": [10, 9, 10.5, 10], "texture": "#up"},
				"up": {"uv": [10.5, 9, 11, 10], "texture": "#up", "cullface": "up"}
			}
		},
		{
			"name": "1",
			"from": [5, 15, 10],
			"to": [6, 16, 11],
			"faces": {
				"north": {"uv": [5.5, 9.5, 6, 10], "texture": "#up"},
				"east": {"uv": [6, 10, 6.5, 10.5], "texture": "#up"},
				"up": {"uv": [5, 10, 6, 11], "texture": "#up", "cullface": "up"}
			}
		},
		{
			"name": "2",
			"from": [9, 15, 10.5],
			"to": [10, 16, 11],
			"faces": {
				"north": {"uv": [9, 10, 10, 10.5], "texture": "#up"},
				"west": {"uv": [8.5, 10.5, 9, 11], "texture": "#up"},
				"up": {"uv": [9, 10.5, 10, 11], "texture": "#up", "cullface": "up"}
			}
		},
		{
			"name": "3",
			"from": [5, 15, 9],
			"to": [5.5, 16, 10],
			"faces": {
				"north": {"uv": [5, 8.5, 5.5, 9], "texture": "#up"},
				"east": {"uv": [5.5, 9, 6, 10], "texture": "#up"},
				"up": {"uv": [5, 9, 5.5, 10], "texture": "#up", "cullface": "up"}
			}
		}
	],
	"display": {
		"thirdperson_righthand": {
			"rotation": [75, 45, 0],
			"translation": [0, 2.5, 0],
			"scale": [0.375, 0.375, 0.375]
		},
		"firstperson_righthand": {
			"rotation": [0, 135, 0],
			"scale": [0.4, 0.4, 0.4]
		},
		"firstperson_lefthand": {
			"rotation": [0, 225, 0],
			"scale": [0.4, 0.4, 0.4]
		},
		"ground": {
			"translation": [0, 3, 0],
			"scale": [0.25, 0.25, 0.25]
		},
		"gui": {
			"rotation": [30, 225, 0],
			"scale": [0.625, 0.625, 0.625]
		},
		"fixed": {
			"scale": [0.5, 0.5, 0.5]
		}
	},
	"groups": [
		{
			"name": "group",
			"origin": [8, 8, 8],
			"children": [0, 1, 2, 3, 4,
				{
					"name": "hole",
					"origin": [8, 8, 8],
					"children": [
						{
							"name": "north1",
							"origin": [8, 8, 8],
							"children": [5, 6, 7]
						},
						{
							"name": "north2",
							"origin": [8, 8, 8],
							"children": [8, 9, 10]
						},
						{
							"name": "south1",
							"origin": [8, 8, 8],
							"children": [11, 12, 13]
						},
						{
							"name": "south2",
							"origin": [8, 8, 8],
							"children": [14, 15, 16]
						}
					]
				}
			]
		}
	]
}