{
	"credit": "Created by mullak99",
	"ambientocclusion": false,
	"textures": {
		"top": "block/furnace_top",
		"particle": "block/furnace_front",
		"front": "block/furnace_front",
		"side": "block/furnace_side"
	},
	"elements": [
		{
			"name": "main",
			"from": [0, 0, 1],
			"to": [16, 16, 16],
			"faces": {
				"north": {"uv": [0, 0, 16, 16], "texture": "#front"},
				"east": {"uv": [0, 0, 15, 16], "texture": "#side", "cullface": "east"},
				"south": {"uv": [16, 0, 0, 16], "texture": "#side", "cullface": "south"},
				"west": {"uv": [15, 0, 0, 16], "texture": "#side", "cullface": "west"},
				"up": {"uv": [0, 1, 16, 16], "texture": "#top", "cullface": "up"},
				"down": {"uv": [0, 0, 16, 15], "texture": "#top", "cullface": "down"}
			}
		},
		{
			"name": "1",
			"from": [0, 12, 0],
			"to": [16, 16, 1],
			"faces": {
				"north": {"uv": [0, 0, 16, 4], "texture": "#front", "cullface": "north"},
				"east": {"uv": [15, 0, 16, 4], "texture": "#side", "cullface": "east"},
				"west": {"uv": [16, 0, 15, 4], "texture": "#side", "cullface": "west"},
				"up": {"uv": [0, 0, 16, 1], "texture": "#top", "cullface": "up"},
				"down": {"uv": [0, 15, 16, 16], "texture": "#top"}
			}
		},
		{
			"name": "2",
			"from": [0, 5, 0],
			"to": [16, 9, 1],
			"faces": {
				"north": {"uv": [0, 7, 16, 11], "texture": "#front", "cullface": "north"},
				"up": {"uv": [0, 0, 16, 1], "texture": "#top"},
				"down": {"uv": [0, 15, 16, 16], "texture": "#top"}
			}
		},
		{
			"name": "3",
			"from": [3, 0, 0],
			"to": [13, 0.5, 1],
			"faces": {
				"north": {"uv": [13, 15.5, 3, 16], "texture": "#front", "cullface": "north"},
				"up": {"uv": [3, 0, 13, 1], "texture": "#top"},
				"down": {"uv": [3, 0, 13, 1], "rotation": 180, "texture": "#top", "cullface": "down"}
			}
		},
		{
			"name": "1",
			"from": [0, 0, 0],
			"to": [3, 3.5, 1],
			"faces": {
				"north": {"uv": [13, 12.5, 16, 16], "texture": "#front", "cullface": "north"},
				"east": {"uv": [15, 12.5, 16, 16], "texture": "#side"},
				"west": {"uv": [16, 12.5, 15, 16], "texture": "#side", "cullface": "west"},
				"down": {"uv": [0, 1, 3, 0], "texture": "#top", "cullface": "down"}
			}
		},
		{
			"name": "2",
			"from": [0, 3.5, 0],
			"to": [4, 12, 1],
			"faces": {
				"north": {"uv": [12, 4, 16, 12.5], "texture": "#front", "cullface": "north"},
				"east": {"uv": [15, 4, 16, 12.5], "texture": "#side"},
				"west": {"uv": [16, 4, 15, 12.5], "texture": "#side", "cullface": "west"},
				"down": {"uv": [0, 1, 4, 0], "texture": "#top"}
			}
		},
		{
			"name": "1",
			"from": [13, 0, 0],
			"to": [16, 12, 1],
			"faces": {
				"north": {"uv": [0, 4, 3, 16], "texture": "#front", "cullface": "north"},
				"east": {"uv": [15, 4, 16, 16], "texture": "#side", "cullface": "east"},
				"west": {"uv": [0, 4, 1, 16], "texture": "#side"},
				"down": {"uv": [13, 15, 16, 16], "texture": "#top", "cullface": "down"}
			}
		},
		{
			"name": "2",
			"from": [12, 3.5, 0],
			"to": [13, 12, 1],
			"faces": {
				"north": {"uv": [3, 4, 4, 12.5], "texture": "#front", "cullface": "north"},
				"west": {"uv": [0, 4, 1, 12.5], "texture": "#side"},
				"down": {"uv": [12, 1, 13, 0], "texture": "#top"}
			}
		},
		{
			"name": "1",
			"from": [3, 2.5, 0],
			"to": [3.5, 3.5, 1],
			"faces": {
				"north": {"uv": [12.5, 12.5, 13, 13.5], "texture": "#front", "cullface": "north"},
				"east": {"uv": [15, 12.5, 16, 13.5], "texture": "#side"},
				"down": {"uv": [3, 1, 3.5, 0], "texture": "#top"}
			}
		},
		{
			"name": "2",
			"from": [12.5, 2.5, 0],
			"to": [13, 3.5, 1],
			"faces": {
				"north": {"uv": [3, 12.5, 3.5, 13.5], "texture": "#front", "cullface": "north"},
				"west": {"uv": [0, 12.5, 1, 13.5], "texture": "#side"},
				"down": {"uv": [12.5, 1, 13, 0], "texture": "#top"}
			}
		},
		{
			"name": "3",
			"from": [4, 4, 0],
			"to": [5, 4.5, 1],
			"faces": {
				"north": {"uv": [11, 11.5, 12, 12], "texture": "#front", "cullface": "north"},
				"east": {"uv": [15, 11.5, 16, 12], "texture": "#side"},
				"down": {"uv": [4, 1, 5, 0], "texture": "#top"}
			}
		},
		{
			"name": "4",
			"from": [4, 4.5, 0],
			"to": [6, 5, 1],
			"faces": {
				"north": {"uv": [10, 11, 12, 11.5], "texture": "#front", "cullface": "north"},
				"east": {"uv": [15, 11, 16, 11.5], "texture": "#side"},
				"down": {"uv": [4, 1, 6, 0], "texture": "#top"}
			}
		},
		{
			"name": "5",
			"from": [11, 4, 0],
			"to": [12, 4.5, 1],
			"faces": {
				"north": {"uv": [4, 11.5, 5, 12], "texture": "#front", "cullface": "north"},
				"west": {"uv": [0, 11.5, 1, 12], "texture": "#side"},
				"down": {"uv": [11, 1, 12, 0], "texture": "#top"}
			}
		},
		{
			"name": "6",
			"from": [11.5, 11, 0],
			"to": [12, 12, 1],
			"faces": {
				"north": {"uv": [4, 4, 4.5, 5], "texture": "#front", "cullface": "north"},
				"west": {"uv": [0, 4, 1, 5], "texture": "#side"},
				"down": {"uv": [11.5, 1, 12, 0], "texture": "#top"}
			}
		},
		{
			"name": "7",
			"from": [11, 11.5, 0],
			"to": [11.5, 12, 1],
			"faces": {
				"north": {"uv": [4.5, 4, 5, 4.5], "texture": "#front", "cullface": "north"},
				"west": {"uv": [0, 4, 1, 4.5], "texture": "#side"},
				"down": {"uv": [11, 1, 11.5, 0], "texture": "#top"}
			}
		},
		{
			"name": "8",
			"from": [4.5, 11.5, 0],
			"to": [5, 12, 1],
			"faces": {
				"north": {"uv": [11, 4, 11.5, 4.5], "texture": "#front", "cullface": "north"},
				"east": {"uv": [15, 4, 16, 4.5], "texture": "#side"},
				"down": {"uv": [4.5, 1, 5, 0], "texture": "#top"}
			}
		},
		{
			"name": "9",
			"from": [4, 11, 0],
			"to": [4.5, 12, 1],
			"faces": {
				"north": {"uv": [11.5, 4, 12, 5], "texture": "#front", "cullface": "north"},
				"east": {"uv": [15, 4, 16, 5], "texture": "#side"},
				"down": {"uv": [4, 1, 4.5, 0], "texture": "#top"}
			}
		},
		{
			"name": "10",
			"from": [10, 4.5, 0],
			"to": [12, 5, 1],
			"faces": {
				"north": {"uv": [4, 11, 6, 11.5], "texture": "#front", "cullface": "north"},
				"west": {"uv": [0, 11, 1, 11.5], "texture": "#side"},
				"down": {"uv": [10, 1, 12, 0], "texture": "#top"}
			}
		}
	],
	"display": {
		"thirdperson_righthand": {
			"rotation": [75, 45, 0],
			"translation": [0, 2.5, 0],
			"scale": [0.375, 0.375, 0.375]
		},
		"thirdperson_lefthand": {
			"rotation": [75, 45, 0],
			"translation": [0, 2.5, 0],
			"scale": [0.375, 0.375, 0.375]
		},
		"firstperson_righthand": {
			"rotation": [0, 45, 0],
			"scale": [0.4, 0.4, 0.4]
		},
		"firstperson_lefthand": {
			"rotation": [0, 45, 0],
			"scale": [0.4, 0.4, 0.4]
		},
		"ground": {
			"translation": [0, 3, 0],
			"scale": [0.25, 0.25, 0.25]
		},
		"gui": {
			"rotation": [30, 225, 0],
			"scale": [0.625, 0.625, 0.625]
		},
		"fixed": {
			"scale": [0.5, 0.5, 0.5]
		}
	},
	"groups": [
		{
			"name": "group",
			"origin": [8, 8, 8],
			"children": [0,
				{
					"name": "face",
					"origin": [8, 8, 8],
					"children": [
						{
							"name": "vert",
							"origin": [8, 8, 8],
							"children": [1, 2, 3]
						},
						{
							"name": "west",
							"origin": [8, 8, 8],
							"children": [4, 5]
						},
						{
							"name": "east",
							"origin": [8, 8, 8],
							"children": [6, 7]
						},
						{
							"name": "curve",
							"origin": [8, 8, 8],
							"children": [8, 9, 10, 11, 12, 13, 14, 15, 16, 17]
						}
					]
				}
			]
		}
	]
}