{
	"credit": "Created by mullak99",
	"parent": "block/block",
	"ambientocclusion": false,
	"textures": {
		"particle": "block/jukebox_side",
		"side": "block/jukebox_side",
		"top": "block/jukebox_top"
	},
	"elements": [
		{
			"name": "main",
			"from": [0, 0, 0],
			"to": [16, 6, 16],
			"faces": {
				"north": {"uv": [0, 10, 16, 16], "texture": "#side", "cullface": "north"},
				"east": {"uv": [0, 10, 16, 16], "texture": "#side", "cullface": "east"},
				"south": {"uv": [16, 10, 0, 16], "texture": "#side", "cullface": "south"},
				"west": {"uv": [16, 10, 0, 16], "texture": "#side", "cullface": "west"},
				"down": {"uv": [0, 0, 16, 16], "texture": "#side", "cullface": "down"}
			}
		},
		{
			"name": "spindle",
			"from": [7, 10.75, 7.5],
			"to": [7.5, 11.75, 8.5],
			"faces": {
				"north": {"uv": [8.5, 7.5, 9, 8.5], "texture": "#top"},
				"east": {"uv": [7.5, 7.5, 8.5, 8.5], "texture": "#top"},
				"south": {"uv": [7, 7.5, 7.5, 8.5], "texture": "#top"},
				"up": {"uv": [7.5, 7.5, 8, 8.5], "texture": "#top"},
				"down": {"uv": [8, 7.5, 8.5, 8.5], "texture": "#top"}
			}
		},
		{
			"name": "bottom",
			"from": [7, 6, 2.5],
			"to": [9, 6, 13.5],
			"faces": {
				"up": {"uv": [7, 2.5, 9, 13.5], "texture": "#top"}
			}
		},
		{
			"name": "1",
			"from": [7, 6, 0],
			"to": [9, 16, 2.5],
			"rotation": {"angle": 0, "axis": "y", "origin": [8, 2, 8]},
			"faces": {
				"north": {"uv": [7, 0, 9, 10], "texture": "#side", "cullface": "north"},
				"south": {"uv": [7, 2.5, 9, 3], "texture": "#top"},
				"up": {"uv": [7, 0, 9, 2.5], "texture": "#top", "cullface": "up"}
			}
		},
		{
			"name": "2",
			"from": [7, 6, 2.5],
			"to": [7.5, 16, 3],
			"rotation": {"angle": 0, "axis": "y", "origin": [8, 2, 8]},
			"faces": {
				"east": {"uv": [7.5, 2.5, 8, 3], "texture": "#top"},
				"south": {"uv": [7, 3, 7.5, 3.5], "texture": "#top"},
				"up": {"uv": [7, 2.5, 7.5, 3], "texture": "#top", "cullface": "up"}
			}
		},
		{
			"name": "3",
			"from": [8.5, 6, 2.5],
			"to": [9, 16, 3],
			"rotation": {"angle": 0, "axis": "y", "origin": [8, 2, 8]},
			"faces": {
				"south": {"uv": [8.5, 3, 9, 3.5], "texture": "#top"},
				"west": {"uv": [8, 2.5, 8.5, 3], "texture": "#top"},
				"up": {"uv": [8.5, 2.5, 9, 3], "texture": "#top", "cullface": "up"}
			}
		},
		{
			"name": "east",
			"from": [0, 6, 0],
			"to": [7, 16, 16],
			"faces": {
				"north": {"uv": [9, 0, 16, 10], "texture": "#side", "cullface": "north"},
				"east": {"uv": [7, 3, 7.5, 13], "rotation": 90, "texture": "#top"},
				"south": {"uv": [16, 0, 9, 10], "texture": "#side", "cullface": "south"},
				"west": {"uv": [16, 0, 0, 10], "texture": "#side", "cullface": "west"},
				"up": {"uv": [0, 0, 7, 16], "texture": "#top", "cullface": "up"}
			}
		},
		{
			"name": "1",
			"from": [7, 6, 13.5],
			"to": [9, 16, 16],
			"rotation": {"angle": 0, "axis": "y", "origin": [8, 2, 8]},
			"faces": {
				"north": {"uv": [7, 13, 9, 13.5], "texture": "#top"},
				"south": {"uv": [9, 0, 7, 10], "texture": "#side", "cullface": "south"},
				"up": {"uv": [7, 13.5, 9, 16], "texture": "#top", "cullface": "up"}
			}
		},
		{
			"name": "2",
			"from": [7, 6, 13],
			"to": [7.5, 16, 13.5],
			"rotation": {"angle": 0, "axis": "y", "origin": [8, 2, 8]},
			"faces": {
				"north": {"uv": [7, 12.5, 7.5, 13], "texture": "#top"},
				"east": {"uv": [7.5, 13, 8, 13.5], "texture": "#top"},
				"up": {"uv": [7, 13, 7.5, 13.5], "texture": "#top", "cullface": "up"}
			}
		},
		{
			"name": "3",
			"from": [8.5, 6, 13],
			"to": [9, 16, 13.5],
			"rotation": {"angle": 0, "axis": "y", "origin": [8, 2, 8]},
			"faces": {
				"north": {"uv": [8.5, 12.5, 9, 13], "texture": "#top"},
				"west": {"uv": [8, 13, 8.5, 13.5], "texture": "#top"},
				"up": {"uv": [8.5, 13, 9, 13.5], "texture": "#top", "cullface": "up"}
			}
		},
		{
			"name": "west",
			"from": [9, 6, 0],
			"to": [16, 16, 16],
			"rotation": {"angle": 0, "axis": "y", "origin": [8, 2, 8]},
			"faces": {
				"north": {"uv": [0, 0, 7, 10], "texture": "#side", "cullface": "north"},
				"east": {"uv": [0, 0, 16, 10], "texture": "#side", "cullface": "east"},
				"south": {"uv": [7, 0, 0, 10], "texture": "#side", "cullface": "south"},
				"west": {"uv": [8.5, 3, 9, 13], "rotation": 90, "texture": "#top"},
				"up": {"uv": [9, 0, 16, 16], "texture": "#top", "cullface": "up"}
			}
		}
	],
	"groups": [
		{
			"name": "group",
			"origin": [8, 8, 8],
			"children": [0,
				{
					"name": "top",
					"origin": [8, 8, 8],
					"children": [1, 2,
						{
							"name": "north",
							"origin": [8, 8, 8],
							"children": [3, 4, 5]
						}, 6,
						{
							"name": "south",
							"origin": [8, 8, 8],
							"children": [7, 8, 9]
						}, 10]
				}
			]
		}
	]
}