{
	"credit": "Created by mullak99",
	"ambientocclusion": false,
	"textures": {
		"particle": "block/ladder",
		"ladder": "block/ladder"
	},
	"elements": [
		{
			"name": "west",
			"from": [2, 0, 15.5],
			"to": [4, 16, 16],
			"faces": {
				"north": {"uv": [12, 0, 14, 16], "texture": "#ladder"},
				"east": {"uv": [1, 1.5, 15, 2], "rotation": 270, "texture": "#ladder"},
				"south": {"uv": [14, 0, 12, 16], "texture": "#ladder", "cullface": "south"},
				"west": {"uv": [1, 2, 15, 2.5], "rotation": 90, "texture": "#ladder"},
				"up": {"uv": [14, 0, 12, 0.5], "texture": "#ladder", "cullface": "up"},
				"down": {"uv": [14, 15.5, 12, 16], "texture": "#ladder", "cullface": "down"}
			}
		},
		{
			"name": "east",
			"from": [12, 0, 15.5],
			"to": [14, 16, 16],
			"faces": {
				"north": {"uv": [2, 0, 4, 16], "texture": "#ladder"},
				"east": {"uv": [1, 1.5, 15, 2], "rotation": 270, "texture": "#ladder"},
				"south": {"uv": [4, 0, 2, 16], "texture": "#ladder", "cullface": "south"},
				"west": {"uv": [1, 2, 15, 2.5], "rotation": 90, "texture": "#ladder"},
				"up": {"uv": [4, 0, 2, 0.5], "texture": "#ladder", "cullface": "up"},
				"down": {"uv": [4, 15.5, 2, 16], "texture": "#ladder", "cullface": "down"}
			}
		},
		{
			"name": "1",
			"from": [1, 13, 15],
			"to": [15, 15, 15.5],
			"faces": {
				"north": {"uv": [1, 1, 15, 3], "texture": "#ladder"},
				"east": {"uv": [1, 1, 1.5, 3], "texture": "#ladder"},
				"south": {"uv": [15, 1, 1, 3], "texture": "#ladder"},
				"west": {"uv": [14.5, 1, 15, 3], "texture": "#ladder"},
				"up": {"uv": [1, 1, 15, 1.5], "rotation": 180, "texture": "#ladder"},
				"down": {"uv": [1, 3, 15, 2.5], "rotation": 180, "texture": "#ladder"}
			}
		},
		{
			"name": "2",
			"from": [1, 9, 15],
			"to": [15, 11, 15.5],
			"faces": {
				"north": {"uv": [1, 5, 15, 7], "texture": "#ladder"},
				"east": {"uv": [1, 5, 1.5, 7], "texture": "#ladder"},
				"south": {"uv": [15, 5, 1, 7], "texture": "#ladder"},
				"west": {"uv": [14.5, 5, 15, 7], "texture": "#ladder"},
				"up": {"uv": [1, 5, 15, 5.5], "rotation": 180, "texture": "#ladder"},
				"down": {"uv": [1, 7, 15, 6.5], "rotation": 180, "texture": "#ladder"}
			}
		},
		{
			"name": "3",
			"from": [1, 5, 15],
			"to": [15, 7, 15.5],
			"faces": {
				"north": {"uv": [1, 9, 15, 11], "texture": "#ladder"},
				"east": {"uv": [1, 9, 1.5, 11], "texture": "#ladder"},
				"south": {"uv": [15, 9, 1, 11], "texture": "#ladder"},
				"west": {"uv": [14.5, 9, 15, 11], "texture": "#ladder"},
				"up": {"uv": [1, 9, 15, 9.5], "rotation": 180, "texture": "#ladder"},
				"down": {"uv": [1, 11, 15, 10.5], "rotation": 180, "texture": "#ladder"}
			}
		},
		{
			"name": "4",
			"from": [1, 1, 15],
			"to": [15, 3, 15.5],
			"faces": {
				"north": {"uv": [1, 13, 15, 15], "texture": "#ladder"},
				"east": {"uv": [1, 13, 1.5, 15], "texture": "#ladder"},
				"south": {"uv": [15, 13, 1, 15], "texture": "#ladder"},
				"west": {"uv": [14.5, 13, 15, 15], "texture": "#ladder"},
				"up": {"uv": [1, 13, 15, 13.5], "rotation": 180, "texture": "#ladder"},
				"down": {"uv": [1, 15, 15, 14.5], "rotation": 180, "texture": "#ladder"}
			}
		}
	],
	"groups": [
		{
			"name": "group",
			"origin": [8, 8, 8],
			"color": 0,
			"children": [0, 1,
				{
					"name": "vert",
					"origin": [8, 8, 8],
					"color": 0,
					"children": [2, 3, 4, 5]
				}
			]
		}
	]
}