{
	"credit": "Created by mullak99",
	"parent": "block/block",
	"textures": {
		"bottom": "block/observer_back",
		"side": "ctm/observer/observer_side_off",
		"top": "ctm/observer/observer_top_off",
		"particle": "block/observer_front",
		"front": "block/observer_front"
	},
	"elements": [
		{
			"name": "main",
			"from": [0, 0, 0],
			"to": [16, 16, 16],
			"faces": {
				"north": {"uv": [0, 0, 16, 16], "texture": "#front", "cullface": "north"},
				"east": {"uv": [0, 16, 16, 0], "texture": "#side", "cullface": "east"},
				"south": {"uv": [16, 0, 0, 16], "texture": "#bottom", "cullface": "south"},
				"west": {"uv": [16, 0, 0, 16], "texture": "#side", "cullface": "west"},
				"up": {"uv": [0, 16, 16, 0], "texture": "#top", "cullface": "up"},
				"down": {"uv": [0, 0, 16, 16], "texture": "#top", "cullface": "down"}
			}
		}
	]
}