{
	"credit": "Created by mullak99",
	"ambientocclusion": false,
	"textures": {
		"bottom": "block/smoker_bottom",
		"top": "block/smoker_top",
		"particle": "block/smoker_front",
		"front": "block/smoker_front",
		"side": "block/smoker_side",
		"door": "ctm/smoker/smoker_door"
	},
	"elements": [
		{
			"name": "north",
			"from": [0, 15, 1],
			"to": [16, 16, 4],
			"faces": {
				"east": {"uv": [12, 0, 15, 1], "texture": "#side", "cullface": "east"},
				"south": {"uv": [0, 4, 16, 5], "texture": "#top"},
				"west": {"uv": [15, 0, 12, 1], "texture": "#side", "cullface": "west"},
				"up": {"uv": [0, 1, 16, 4], "texture": "#top", "cullface": "up"}
			}
		},
		{
			"name": "south",
			"from": [0, 15, 12],
			"to": [16, 16, 16],
			"faces": {
				"north": {"uv": [0, 4, 16, 5], "texture": "#top"},
				"east": {"uv": [0, 0, 4, 1], "texture": "#side", "cullface": "east"},
				"south": {"uv": [16, 0, 0, 1], "texture": "#side", "cullface": "south"},
				"west": {"uv": [4, 0, 0, 1], "texture": "#side", "cullface": "west"},
				"up": {"uv": [0, 12, 16, 16], "texture": "#top", "cullface": "up"}
			}
		},
		{
			"name": "east",
			"from": [0, 15, 4],
			"to": [4, 16, 12],
			"faces": {
				"east": {"uv": [4, 4, 5, 12], "rotation": 90, "texture": "#top"},
				"west": {"uv": [12, 0, 4, 1], "texture": "#side", "cullface": "west"},
				"up": {"uv": [0, 4, 4, 12], "texture": "#top", "cullface": "up"}
			}
		},
		{
			"name": "west",
			"from": [12, 15, 4],
			"to": [16, 16, 12],
			"faces": {
				"east": {"uv": [4, 0, 12, 1], "texture": "#side", "cullface": "east"},
				"west": {"uv": [11, 4, 12, 12], "rotation": 270, "texture": "#top"},
				"up": {"uv": [12, 4, 16, 12], "texture": "#top", "cullface": "up"}
			}
		},
		{
			"name": "1",
			"from": [4, 14, 4],
			"to": [6, 16, 5],
			"faces": {
				"east": {"uv": [5, 5, 6, 6], "texture": "#top"},
				"south": {"uv": [6, 4.5, 8, 5.5], "texture": "#top"},
				"up": {"uv": [4, 4, 6, 5], "texture": "#top", "cullface": "up"}
			}
		},
		{
			"name": "2",
			"from": [10, 14, 4],
			"to": [12, 16, 5],
			"faces": {
				"south": {"uv": [10, 4.5, 12, 5.5], "texture": "#top"},
				"west": {"uv": [10, 5, 11, 6], "texture": "#top"},
				"up": {"uv": [10, 4, 12, 5], "texture": "#top", "cullface": "up"}
			}
		},
		{
			"name": "3",
			"from": [10, 14, 11],
			"to": [12, 16, 12],
			"faces": {
				"north": {"uv": [7.5, 10.5, 9.5, 11.5], "rotation": 180, "texture": "#top"},
				"west": {"uv": [11, 10, 12, 11], "texture": "#top"},
				"up": {"uv": [10, 11, 12, 12], "texture": "#top", "cullface": "up"}
			}
		},
		{
			"name": "4",
			"from": [4, 14, 11],
			"to": [6, 16, 12],
			"faces": {
				"north": {"uv": [4, 10.5, 6, 11.5], "rotation": 180, "texture": "#top"},
				"east": {"uv": [5, 10, 6, 11], "texture": "#top"},
				"up": {"uv": [4, 11, 6, 12], "texture": "#top", "cullface": "up"}
			}
		},
		{
			"name": "5",
			"from": [4, 14, 5],
			"to": [5, 16, 6],
			"faces": {
				"east": {"uv": [5, 10, 5.5, 11], "rotation": 90, "texture": "#top"},
				"south": {"uv": [4.5, 6, 5.5, 7], "texture": "#top"},
				"up": {"uv": [4, 5, 5, 6], "texture": "#top", "cullface": "up"}
			}
		},
		{
			"name": "6",
			"from": [4, 14, 10],
			"to": [5, 16, 11],
			"faces": {
				"north": {"uv": [4.5, 9, 5.5, 10], "texture": "#top"},
				"east": {"uv": [5, 10, 5.5, 11], "rotation": 90, "texture": "#top"},
				"up": {"uv": [4, 10, 5, 11], "texture": "#top", "cullface": "up"}
			}
		},
		{
			"name": "7",
			"from": [11, 14, 10],
			"to": [12, 16, 11],
			"faces": {
				"north": {"uv": [10.5, 9, 11.5, 10], "rotation": 180, "texture": "#top"},
				"west": {"uv": [11, 9, 12, 10], "rotation": 270, "texture": "#top"},
				"up": {"uv": [11, 10, 12, 11], "texture": "#top", "cullface": "up"}
			}
		},
		{
			"name": "8",
			"from": [11, 14, 5],
			"to": [12, 16, 6],
			"faces": {
				"south": {"uv": [11, 6, 12, 7], "rotation": 180, "texture": "#top"},
				"west": {"uv": [10.5, 9, 11.5, 10], "rotation": 270, "texture": "#top"},
				"up": {"uv": [11, 10, 12, 11], "texture": "#top", "cullface": "up"}
			}
		},
		{
			"name": "9",
			"from": [11.5, 14, 6],
			"to": [12, 16, 7],
			"faces": {
				"south": {"uv": [11, 6, 11.5, 6.5], "rotation": 270, "texture": "#top"},
				"west": {"uv": [10.5, 9, 11.5, 10], "rotation": 270, "texture": "#top"},
				"up": {"uv": [11, 10, 11.5, 11], "texture": "#top", "cullface": "up"}
			}
		},
		{
			"name": "10",
			"from": [11.5, 14, 9],
			"to": [12, 16, 10],
			"faces": {
				"north": {"uv": [10.5, 9, 11.5, 10], "rotation": 270, "texture": "#top"},
				"west": {"uv": [11, 9, 12, 10], "rotation": 270, "texture": "#top"},
				"up": {"uv": [11, 10, 11.5, 11], "texture": "#top", "cullface": "up"}
			}
		},
		{
			"name": "11",
			"from": [4, 14, 9],
			"to": [4.5, 16, 10],
			"faces": {
				"north": {"uv": [10.5, 9, 11.5, 10], "rotation": 270, "texture": "#top"},
				"east": {"uv": [5, 5, 5.5, 6], "rotation": 90, "texture": "#top"},
				"up": {"uv": [11, 10, 11.5, 11], "texture": "#top", "cullface": "up"}
			}
		},
		{
			"name": "12",
			"from": [4, 14, 6],
			"to": [4.5, 16, 7],
			"faces": {
				"east": {"uv": [4.5, 9, 5, 10], "rotation": 90, "texture": "#top"},
				"south": {"uv": [11, 6, 11.5, 6.5], "rotation": 270, "texture": "#top"},
				"up": {"uv": [11, 10, 11.5, 11], "texture": "#top", "cullface": "up"}
			}
		},
		{
			"name": "13",
			"from": [9, 14, 11.5],
			"to": [10, 16, 12],
			"faces": {
				"north": {"uv": [10.5, 9, 11.5, 10], "rotation": 270, "texture": "#top"},
				"west": {"uv": [10.5, 9, 11.5, 10], "rotation": 270, "texture": "#top"},
				"up": {"uv": [11, 10, 11.5, 11], "texture": "#top", "cullface": "up"}
			}
		},
		{
			"name": "14",
			"from": [6, 14, 11.5],
			"to": [7, 16, 12],
			"faces": {
				"north": {"uv": [11, 9, 12, 10], "rotation": 270, "texture": "#top"},
				"east": {"uv": [4.5, 6, 5, 6.5], "rotation": 90, "texture": "#top"},
				"up": {"uv": [11, 10, 11.5, 11], "texture": "#top", "cullface": "up"}
			}
		},
		{
			"name": "15",
			"from": [6, 14, 4],
			"to": [7, 16, 4.5],
			"faces": {
				"east": {"uv": [4.5, 6, 5, 6.5], "rotation": 90, "texture": "#top"},
				"south": {"uv": [11, 6, 11.5, 7], "rotation": 270, "texture": "#top"},
				"up": {"uv": [11, 10, 11.5, 11], "texture": "#top", "cullface": "up"}
			}
		},
		{
			"name": "16",
			"from": [9, 14, 4],
			"to": [10, 16, 4.5],
			"faces": {
				"south": {"uv": [11, 9, 11.5, 10], "rotation": 270, "texture": "#top"},
				"west": {"uv": [10.5, 9, 11.5, 10], "rotation": 270, "texture": "#top"},
				"up": {"uv": [11, 10, 11.5, 11], "texture": "#top", "cullface": "up"}
			}
		},
		{
			"name": "1",
			"from": [0, 0, 1],
			"to": [3.5, 15, 16],
			"rotation": {"angle": 0, "axis": "y", "origin": [8, 8, 9]},
			"faces": {
				"north": {"uv": [12.5, 1, 16, 16], "texture": "#front"},
				"east": {"uv": [0, 1, 15, 16], "texture": "#bottom"},
				"south": {"uv": [16, 1, 12.5, 16], "texture": "#side", "cullface": "south"},
				"west": {"uv": [15, 1, 0, 16], "texture": "#side", "cullface": "west"},
				"down": {"uv": [0, 0, 4, 15], "texture": "#bottom", "cullface": "down"}
			}
		},
		{
			"name": "2",
			"from": [12, 0, 1],
			"to": [16, 15, 16],
			"rotation": {"angle": 0, "axis": "y", "origin": [20, 8, 9]},
			"faces": {
				"north": {"uv": [11, 1, 15, 16], "texture": "#bottom"},
				"east": {"uv": [0, 1, 15, 16], "texture": "#side", "cullface": "east"},
				"south": {"uv": [4, 1, 0, 16], "texture": "#side", "cullface": "south"},
				"west": {"uv": [15, 1, 0, 16], "texture": "#bottom"},
				"down": {"uv": [12, 0, 16, 15], "texture": "#bottom", "cullface": "down"}
			}
		},
		{
			"name": "3",
			"from": [3.5, 0, 1],
			"to": [12, 8, 16],
			"rotation": {"angle": 0, "axis": "y", "origin": [12, 8, 23]},
			"faces": {
				"south": {"uv": [12.5, 8, 4, 16], "texture": "#side", "cullface": "south"},
				"up": {"uv": [4, 1, 12, 16], "texture": "#bottom"},
				"down": {"uv": [4, 0, 12, 15], "texture": "#bottom", "cullface": "down"}
			}
		},
		{
			"name": "4",
			"from": [3.5, 12, 1],
			"to": [12, 15, 16],
			"rotation": {"angle": 0, "axis": "y", "origin": [12, 20, 23]},
			"faces": {
				"south": {"uv": [12.5, 1, 4, 4], "texture": "#side", "cullface": "south"},
				"up": {"uv": [3.5, 1, 12, 16], "texture": "#top"},
				"down": {"uv": [4, 0, 12, 15], "texture": "#bottom"}
			}
		},
		{
			"name": "5",
			"from": [3.5, 8, 11.75],
			"to": [12, 12, 16],
			"rotation": {"angle": 0, "axis": "y", "origin": [12, 16, 23]},
			"faces": {
				"north": {"uv": [4.5, 7.5, 12.5, 11.5], "texture": "#bottom"},
				"south": {"uv": [12.5, 4, 4, 8], "texture": "#side", "cullface": "south"}
			}
		},
		{
			"name": "front_top",
			"from": [3.5, 12, 0],
			"to": [13, 16, 1],
			"faces": {
				"north": {"uv": [3, 0, 12.5, 4], "texture": "#front", "cullface": "north"},
				"up": {"uv": [3.5, 0, 12.5, 1], "texture": "#top", "cullface": "up"},
				"down": {"uv": [3, 3, 12, 4], "texture": "#bottom"}
			}
		},
		{
			"name": "1",
			"from": [13, 0, 0],
			"to": [16, 16, 1],
			"faces": {
				"north": {"uv": [0, 0, 3, 16], "texture": "#front", "cullface": "north"},
				"east": {"uv": [15, 0, 16, 16], "texture": "#side", "cullface": "east"},
				"west": {"uv": [2, 0, 3, 16], "texture": "#bottom"},
				"up": {"uv": [13, 0, 16, 1], "texture": "#top", "cullface": "up"},
				"down": {"uv": [13, 15, 16, 16], "texture": "#bottom", "cullface": "down"}
			}
		},
		{
			"name": "2",
			"from": [12.5, 11.5, 0],
			"to": [13, 12, 1],
			"faces": {
				"north": {"uv": [2.5, 4, 3, 4.5], "texture": "#front", "cullface": "north"},
				"west": {"uv": [2.5, 4, 3, 4.5], "texture": "#front"},
				"down": {"uv": [2.5, 4, 3, 4.5], "texture": "#front"}
			}
		},
		{
			"name": "3",
			"from": [12.5, 8, 0],
			"to": [13, 8.5, 1],
			"faces": {
				"north": {"uv": [2.5, 7.5, 3, 8], "texture": "#front", "cullface": "north"},
				"west": {"uv": [2.5, 7.5, 3, 8], "texture": "#front"},
				"up": {"uv": [2.5, 7.5, 3, 8], "texture": "#front"}
			}
		},
		{
			"name": "1",
			"from": [0, 0, 0],
			"to": [3, 16, 1],
			"faces": {
				"north": {"uv": [13, 0, 16, 16], "texture": "#front", "cullface": "north"},
				"east": {"uv": [14, 0, 15, 16], "texture": "#bottom"},
				"west": {"uv": [16, 0, 15, 16], "texture": "#side", "cullface": "west"},
				"up": {"uv": [0, 0, 3, 1], "texture": "#top", "cullface": "up"},
				"down": {"uv": [0, 15, 3, 16], "texture": "#bottom", "cullface": "down"}
			}
		},
		{
			"name": "2",
			"from": [3, 0, 0],
			"to": [3.5, 8.5, 1],
			"faces": {
				"north": {"uv": [12.5, 7.5, 13, 16], "texture": "#front", "cullface": "north"},
				"east": {"uv": [13, 7.5, 14, 16], "texture": "#bottom"},
				"up": {"uv": [12, 7.5, 12.5, 8], "texture": "#front"},
				"down": {"uv": [3, 15, 3.5, 16], "texture": "#bottom", "cullface": "down"}
			}
		},
		{
			"name": "3",
			"from": [3, 11.5, 0],
			"to": [3.5, 16, 1],
			"faces": {
				"north": {"uv": [12.5, 0, 13, 4.5], "texture": "#front", "cullface": "north"},
				"east": {"uv": [13, 0, 14, 4.5], "texture": "#bottom"},
				"up": {"uv": [3, 0, 3.5, 1], "texture": "#top", "cullface": "up"},
				"down": {"uv": [12, 4, 12.5, 4.5], "texture": "#front"}
			}
		},
		{
			"name": "front_bottom",
			"from": [3.5, 0, 0],
			"to": [13, 8, 1],
			"faces": {
				"north": {"uv": [3, 8, 12.5, 16], "texture": "#front", "cullface": "north"},
				"up": {"uv": [3, 14, 12, 15], "texture": "#bottom"},
				"down": {"uv": [3.5, 15, 13, 16], "texture": "#bottom", "cullface": "down"}
			}
		},
		{
			"name": "door1",
			"from": [3.5, 8, 0],
			"to": [12.5, 12, 1],
			"rotation": {"angle": -22.5, "axis": "y", "origin": [13, 11, 0.5]},
			"faces": {
				"north": {"uv": [3.5, 4, 12.5, 8], "texture": "#door", "cullface": "north"},
				"east": {"uv": [3.5, 4, 4, 8], "texture": "#door", "cullface": "north"},
				"south": {"uv": [12.5, 4, 3.5, 8], "texture": "#door", "cullface": "north"},
				"west": {"uv": [12, 4, 12.5, 8], "texture": "#door", "cullface": "north"},
				"up": {"uv": [3.5, 4, 12.5, 4.5], "texture": "#door"},
				"down": {"uv": [3.5, 7.5, 12.5, 8], "texture": "#door"}
			}
		},
		{
			"name": "door2",
			"from": [3, 8.5, 0],
			"to": [3.5, 11.5, 1],
			"rotation": {"angle": -22.5, "axis": "y", "origin": [13, 11, 0.5]},
			"faces": {
				"north": {"uv": [12.5, 4.5, 13, 7.5], "texture": "#door", "cullface": "north"},
				"south": {"uv": [13, 4.5, 12.5, 7.5], "texture": "#door", "cullface": "north"},
				"west": {"uv": [12.5, 4.5, 13, 7.5], "texture": "#door", "cullface": "north"},
				"up": {"uv": [12.5, 4.5, 13, 5], "texture": "#door", "cullface": "north"},
				"down": {"uv": [12.5, 4.5, 13, 5], "texture": "#door", "cullface": "north"}
			}
		},
		{
			"name": "door3",
			"from": [12.5, 8.5, 0],
			"to": [13, 11.5, 1],
			"rotation": {"angle": -22.5, "axis": "y", "origin": [13, 11, 0.5]},
			"faces": {
				"north": {"uv": [3, 4.5, 3.5, 7.5], "texture": "#door", "cullface": "north"},
				"south": {"uv": [13, 4.5, 12.5, 7.5], "texture": "#door"},
				"up": {"uv": [12.5, 4.5, 13, 5], "texture": "#door"},
				"down": {"uv": [12.5, 4.5, 13, 5], "texture": "#door"}
			}
		}
	],
	"display": {
		"thirdperson_righthand": {
			"rotation": [75, 45, 0],
			"translation": [0, 2.5, 0],
			"scale": [0.375, 0.375, 0.375]
		},
		"thirdperson_lefthand": {
			"rotation": [75, 45, 0],
			"translation": [0, 2.5, 0],
			"scale": [0.375, 0.375, 0.375]
		},
		"firstperson_righthand": {
			"rotation": [0, 45, 0],
			"scale": [0.4, 0.4, 0.4]
		},
		"firstperson_lefthand": {
			"rotation": [0, 45, 0],
			"scale": [0.4, 0.4, 0.4]
		},
		"ground": {
			"translation": [0, 3, 0],
			"scale": [0.25, 0.25, 0.25]
		},
		"gui": {
			"rotation": [30, 225, 0],
			"scale": [0.625, 0.625, 0.625]
		},
		"fixed": {
			"scale": [0.5, 0.5, 0.5]
		}
	},
	"groups": [
		{
			"name": "group",
			"origin": [8, 8, 8],
			"color": 0,
			"children": [
				{
					"name": "top",
					"origin": [8, 8, 8],
					"color": 0,
					"children": [0, 1, 2, 3,
						{
							"name": "circle",
							"origin": [8, 8, 8],
							"color": 0,
							"children": [4, 5, 6, 7, 8, 9, 10, 11, 12, 13, 14, 15, 16, 17, 18, 19]
						}
					]
				},
				{
					"name": "main",
					"origin": [8, 8, 8],
					"color": 0,
					"children": [20, 21, 22, 23, 24]
				},
				{
					"name": "front",
					"origin": [8, 8, 8],
					"color": 0,
					"children": [25,
						{
							"name": "front_left",
							"origin": [0, 0, 0],
							"color": 0,
							"children": [26, 27, 28]
						},
						{
							"name": "front_right",
							"origin": [0, 0, 0],
							"color": 0,
							"children": [29, 30, 31]
						}, 32,
						{
							"name": "door",
							"origin": [13, 11, 0.5],
							"color": 0,
							"children": [33, 34, 35]
						}
					]
				}
			]
		}
	]
}