{
	"credit": "Created by mullak99",
	"parent": "block/block",
	"textures": {
		"particle": "block/soul_lantern",
		"lantern": "block/soul_lantern"
	},
	"elements": [
		{
			"name": "1",
			"from": [7.75, 14.5, 6.5],
			"to": [8.25, 16, 7.5],
			"rotation": {"angle": 45, "axis": "y", "origin": [8, 8, 8]},
			"faces": {
				"north": {"uv": [11, 6, 11.5, 7.5], "texture": "#lantern"},
				"east": {"uv": [12, 6, 11, 7.5], "texture": "#lantern"},
				"south": {"uv": [11.5, 6, 12, 7.5], "texture": "#lantern"},
				"west": {"uv": [11, 6, 12, 7.5], "texture": "#lantern"},
				"down": {"uv": [11.5, 7, 12.5, 7.5], "rotation": 270, "texture": "#lantern"}
			}
		},
		{
			"name": "2",
			"from": [7.75, 14.5, 8.5],
			"to": [8.25, 16, 9.5],
			"rotation": {"angle": 45, "axis": "y", "origin": [8, 8, 8]},
			"faces": {
				"north": {"uv": [13, 6, 13.5, 7.5], "texture": "#lantern"},
				"east": {"uv": [13, 6, 14, 7.5], "texture": "#lantern"},
				"south": {"uv": [13.5, 6, 14, 7.5], "texture": "#lantern"},
				"west": {"uv": [14, 6, 13, 7.5], "texture": "#lantern"},
				"down": {"uv": [13, 7, 14, 7.5], "rotation": 270, "texture": "#lantern"}
			}
		},
		{
			"name": "3",
			"from": [7, 13.999, 7.75],
			"to": [9, 14.5, 8.25],
			"rotation": {"angle": -45, "axis": "y", "origin": [8, 8, 8]},
			"faces": {
				"north": {"uv": [11.5, 4.5, 13.5, 5], "rotation": 180, "texture": "#lantern"},
				"east": {"uv": [11.5, 4.5, 12, 5], "rotation": 180, "texture": "#lantern"},
				"south": {"uv": [11.5, 7.5, 13.5, 8], "texture": "#lantern"},
				"west": {"uv": [13, 4.5, 13.5, 5], "rotation": 180, "texture": "#lantern"},
				"down": {"uv": [11.5, 7.5, 13.5, 8], "texture": "#lantern"}
			}
		},
		{
			"name": "4",
			"from": [7.75, 14.5, 7.5],
			"to": [8.25, 15, 8.5],
			"rotation": {"angle": 45, "axis": "y", "origin": [8, 8, 8]},
			"faces": {
				"east": {"uv": [12, 10.5, 13, 11], "texture": "#lantern"},
				"west": {"uv": [12, 7, 13, 7.5], "texture": "#lantern"},
				"up": {"uv": [12, 7, 13, 7.5], "rotation": 180, "texture": "#lantern"}
			}
		},
		{
			"name": "1",
			"from": [7.75, 14.5, 7],
			"to": [8.25, 15.001, 9],
			"rotation": {"angle": -45, "axis": "y", "origin": [8, 8, 8]},
			"faces": {
				"north": {"uv": [11.5, 10, 12, 10.5], "texture": "#lantern"},
				"east": {"uv": [11.5, 10, 13.5, 10.5], "rotation": 180, "texture": "#lantern"},
				"south": {"uv": [13, 10, 13.5, 10.5], "texture": "#lantern"},
				"west": {"uv": [11.5, 1, 13.5, 1.5], "texture": "#lantern"},
				"up": {"uv": [11.5, 1, 13.5, 1.5], "rotation": 90, "texture": "#lantern"}
			}
		},
		{
			"name": "2",
			"from": [7.75, 11.5, 8.5],
			"to": [8.25, 14.5, 9.5],
			"rotation": {"angle": -45, "axis": "y", "origin": [8, 8, 8]},
			"faces": {
				"north": {"uv": [13, 1.5, 13.5, 4.5], "texture": "#lantern"},
				"east": {"uv": [14, 1.5, 13, 4.5], "texture": "#lantern"},
				"south": {"uv": [13.5, 1.5, 14, 4.5], "texture": "#lantern"},
				"west": {"uv": [13, 1.5, 14, 4.5], "texture": "#lantern"},
				"up": {"uv": [12.5, 1, 13.5, 1.5], "rotation": 90, "texture": "#lantern"},
				"down": {"uv": [13, 4, 14, 4.5], "rotation": 270, "texture": "#lantern"}
			}
		},
		{
			"name": "3",
			"from": [7, 10.999, 7.75],
			"to": [9, 11.5, 8.25],
			"rotation": {"angle": 45, "axis": "y", "origin": [8, 8, 8]},
			"faces": {
				"north": {"uv": [11.5, 4.5, 13.5, 5], "rotation": 180, "texture": "#lantern"},
				"east": {"uv": [11.5, 4.5, 12, 5], "rotation": 180, "texture": "#lantern"},
				"south": {"uv": [11.5, 4.5, 13.5, 5], "texture": "#lantern"},
				"west": {"uv": [13, 4.5, 13.5, 5], "rotation": 180, "texture": "#lantern"},
				"down": {"uv": [11.5, 4.5, 13.5, 5], "texture": "#lantern"}
			}
		},
		{
			"name": "4",
			"from": [7.75, 11.5, 6.5],
			"to": [8.25, 14.5, 7.5],
			"rotation": {"angle": -45, "axis": "y", "origin": [8, 8, 8]},
			"faces": {
				"north": {"uv": [11, 1.5, 11.5, 4.5], "texture": "#lantern"},
				"east": {"uv": [12, 1.5, 11, 4.5], "texture": "#lantern"},
				"south": {"uv": [11.5, 1.5, 12, 4.5], "texture": "#lantern"},
				"west": {"uv": [11, 1.5, 12, 4.5], "texture": "#lantern"},
				"up": {"uv": [11, 1.5, 12, 2], "rotation": 90, "texture": "#lantern"},
				"down": {"uv": [11, 4, 12, 4.5], "rotation": 270, "texture": "#lantern"}
			}
		},
		{
			"name": "5",
			"from": [7.75, 14, 7.5],
			"to": [8.25, 14.5, 8.5],
			"rotation": {"angle": -45, "axis": "y", "origin": [8, 8, 8]},
			"faces": {
				"east": {"uv": [12, 10.5, 13, 11], "texture": "#lantern"},
				"west": {"uv": [12, 1.5, 13, 2], "texture": "#lantern"},
				"down": {"uv": [12, 10.5, 13, 11], "rotation": 90, "texture": "#lantern"}
			}
		},
		{
			"name": "6",
			"from": [7.75, 11.5, 7.5],
			"to": [8.25, 12, 8.5],
			"rotation": {"angle": -45, "axis": "y", "origin": [8, 8, 8]},
			"faces": {
				"east": {"uv": [12, 4, 13, 4.5], "texture": "#lantern"},
				"west": {"uv": [12, 4, 13, 4.5], "texture": "#lantern"},
				"up": {"uv": [12.5, 10, 13.5, 10.5], "texture": "#lantern"}
			}
		},
		{
			"name": "1",
			"from": [7.75, 10, 8.5],
			"to": [8.25, 11.5, 9.5],
			"rotation": {"angle": 45, "axis": "y", "origin": [8, 9, 8]},
			"faces": {
				"north": {"uv": [13, 10.5, 13.5, 12], "texture": "#lantern"},
				"east": {"uv": [14, 10.5, 13, 12], "texture": "#lantern"},
				"south": {"uv": [13.5, 10.5, 14, 12], "texture": "#lantern"},
				"west": {"uv": [13, 10.5, 14, 12], "texture": "#lantern"},
				"up": {"uv": [13, 10.5, 14, 11], "texture": "#lantern"}
			}
		},
		{
			"name": "2",
			"from": [7.75, 11.5, 7],
			"to": [8.25, 12, 9],
			"rotation": {"angle": 45, "axis": "y", "origin": [8, 9, 8]},
			"faces": {
				"north": {"uv": [11.5, 10, 12, 10.5], "texture": "#lantern"},
				"east": {"uv": [11.5, 10, 13.5, 10.5], "rotation": 180, "texture": "#lantern"},
				"south": {"uv": [13, 10, 13.5, 10.5], "texture": "#lantern"},
				"west": {"uv": [11.5, 10, 13.5, 10.5], "texture": "#lantern"},
				"up": {"uv": [12.5, 10, 13.5, 10.5], "rotation": 90, "texture": "#lantern"}
			}
		},
		{
			"name": "3",
			"from": [7.75, 10, 6.5],
			"to": [8.25, 11.5, 7.5],
			"rotation": {"angle": 45, "axis": "y", "origin": [8, 9, 8]},
			"faces": {
				"north": {"uv": [11, 10.5, 11.5, 12], "texture": "#lantern"},
				"east": {"uv": [12, 10.5, 11, 12], "texture": "#lantern"},
				"south": {"uv": [11.5, 10.5, 12, 12], "texture": "#lantern"},
				"west": {"uv": [11, 10.5, 12, 12], "texture": "#lantern"},
				"up": {"uv": [11, 10.5, 12, 11], "texture": "#lantern"}
			}
		},
		{
			"name": "4",
			"from": [7.75, 11, 7.5],
			"to": [8.25, 11.5, 8.5],
			"rotation": {"angle": 45, "axis": "y", "origin": [8, 9, 8]},
			"faces": {
				"east": {"uv": [12, 10.5, 13, 11], "texture": "#lantern"},
				"west": {"uv": [12, 10.5, 13, 11], "texture": "#lantern"},
				"down": {"uv": [12, 10.5, 12.5, 11], "texture": "#lantern"}
			}
		},
		{
			"name": "top",
			"from": [6, 8, 6],
			"to": [10, 10, 10],
			"rotation": {"angle": 0, "axis": "y", "origin": [8, 9, 8]},
			"faces": {
				"north": {"uv": [1, 0, 5, 2], "texture": "#lantern"},
				"east": {"uv": [1, 0, 5, 2], "texture": "#lantern"},
				"south": {"uv": [5, 0, 1, 2], "texture": "#lantern"},
				"west": {"uv": [5, 0, 1, 2], "texture": "#lantern"},
				"up": {"uv": [1, 10, 5, 14], "texture": "#lantern"}
			}
		},
		{
			"name": "lantern",
			"from": [5.5, 2, 5.5],
			"to": [10.5, 7, 10.5],
			"rotation": {"angle": 0, "axis": "y", "origin": [8, 9, 8]},
			"faces": {
				"north": {"uv": [0.5, 3, 5.5, 8], "texture": "#lantern"},
				"east": {"uv": [0.5, 3, 5.5, 8], "texture": "#lantern"},
				"south": {"uv": [5.5, 3, 0.5, 8], "texture": "#lantern"},
				"west": {"uv": [5.5, 3, 0.5, 8], "texture": "#lantern"}
			}
		},
		{
			"name": "frame_top",
			"from": [5, 7, 5],
			"to": [11, 8, 11],
			"rotation": {"angle": 0, "axis": "y", "origin": [8, 9, 8]},
			"faces": {
				"north": {"uv": [0, 2, 6, 3], "texture": "#lantern"},
				"east": {"uv": [0, 2, 6, 3], "texture": "#lantern"},
				"south": {"uv": [6, 2, 0, 3], "texture": "#lantern"},
				"west": {"uv": [6, 2, 0, 3], "texture": "#lantern"},
				"up": {"uv": [0, 9, 6, 15], "texture": "#lantern"},
				"down": {"uv": [0, 9, 6, 15], "texture": "#lantern"}
			}
		},
		{
			"name": "1",
			"from": [10.5, 2, 5],
			"to": [11, 7, 5.5],
			"rotation": {"angle": 0, "axis": "y", "origin": [8, 9, 8]},
			"faces": {
				"north": {"uv": [0, 3, 0.5, 8], "texture": "#lantern"},
				"east": {"uv": [5.5, 3, 6, 8], "texture": "#lantern"},
				"south": {"uv": [0, 3, 0.5, 8], "texture": "#lantern"},
				"west": {"uv": [0, 3, 0.5, 8], "texture": "#lantern"}
			}
		},
		{
			"name": "2",
			"from": [10.5, 2, 10.5],
			"to": [11, 7, 11],
			"rotation": {"angle": 0, "axis": "y", "origin": [8, 9, 8]},
			"faces": {
				"north": {"uv": [5.5, 3, 6, 8], "texture": "#lantern"},
				"east": {"uv": [0, 3, 0.5, 8], "texture": "#lantern"},
				"south": {"uv": [6, 3, 5.5, 8], "texture": "#lantern"},
				"west": {"uv": [0, 3, 0.5, 8], "texture": "#lantern"}
			}
		},
		{
			"name": "3",
			"from": [5, 2, 10.5],
			"to": [5.5, 7, 11],
			"rotation": {"angle": 0, "axis": "y", "origin": [8, 9, 8]},
			"faces": {
				"north": {"uv": [5.5, 3, 6, 8], "texture": "#lantern"},
				"east": {"uv": [5.5, 3, 6, 8], "texture": "#lantern"},
				"south": {"uv": [0.5, 3, 0, 8], "texture": "#lantern"},
				"west": {"uv": [6, 3, 5.5, 8], "texture": "#lantern"}
			}
		},
		{
			"name": "4",
			"from": [5, 2, 5],
			"to": [5.5, 7, 5.5],
			"rotation": {"angle": 0, "axis": "y", "origin": [8, 9, 8]},
			"faces": {
				"north": {"uv": [5.5, 3, 6, 8], "texture": "#lantern"},
				"east": {"uv": [5.5, 3, 6, 8], "texture": "#lantern"},
				"south": {"uv": [0, 3, 0.5, 8], "texture": "#lantern"},
				"west": {"uv": [0.5, 3, 0, 8], "texture": "#lantern"}
			}
		},
		{
			"name": "frame_bottom",
			"from": [5, 1, 5],
			"to": [11, 2, 11],
			"rotation": {"angle": 0, "axis": "y", "origin": [8, 9, 8]},
			"faces": {
				"north": {"uv": [0, 8, 6, 9], "texture": "#lantern"},
				"east": {"uv": [0, 8, 6, 9], "texture": "#lantern"},
				"south": {"uv": [6, 8, 0, 9], "texture": "#lantern"},
				"west": {"uv": [6, 8, 0, 9], "texture": "#lantern"},
				"up": {"uv": [0, 9, 6, 15], "texture": "#lantern"},
				"down": {"uv": [0, 9, 6, 15], "texture": "#lantern"}
			}
		}
	],
	"groups": [
		{
			"name": "group",
			"origin": [8, 8, 8],
			"color": 0,
			"children": [
				{
					"name": "chain",
					"origin": [8, 8, 8],
					"color": 0,
					"children": [
						{
							"name": "1",
							"origin": [8, 8, 8],
							"color": 0,
							"children": [0, 1, 2, 3]
						},
						{
							"name": "2",
							"origin": [8, 8, 8],
							"color": 0,
							"children": [4, 5, 6, 7, 8, 9]
						},
						{
							"name": "3",
							"origin": [8, 8, 8],
							"color": 0,
							"children": [10, 11, 12, 13]
						}
					]
				},
				{
					"name": "lantern",
					"origin": [8, 8, 8],
					"color": 0,
					"children": [14, 15,
						{
							"name": "frame",
							"origin": [8, 8, 8],
							"color": 0,
							"children": [16, 17, 18, 19, 20, 21]
						}
					]
				}
			]
		}
	]
}