{"stats":{"minecraft:mined":{"minecraft:fire":1},"minecraft:killed":{"minecraft:skeleton":1,"minecraft:zombie":20},"minecraft:used":{"minecraft:moss_block":127,"minecraft:orange_dye":101,"minecraft:light_blue_banner":228,"minecraft:light_blue_stained_glass_pane":987,"minecraft:blue_terracotta":7243,"minecraft:waxed_exposed_cut_copper":11,"minecraft:polished_granite_stairs":130,"minecraft:chiseled_deepslate":20,"minecraft:polished_deepslate":22941,"minecraft:melon":88,"minecraft:light_gray_stained_glass_pane":3,"minecraft:cut_red_sandstone_slab":170,"minecraft:smooth_quartz_slab":2016,"minecraft:spruce_slab":3440,"minecraft:red_sandstone_slab":4098,"minecraft:dispenser":19,"minecraft:polished_blackstone":18784,"minecraft:bone_block":68,"minecraft:oak_sign":597,"minecraft:polished_basalt":2279,"minecraft:black_carpet":1012,"minecraft:white_concrete_powder":1019,"minecraft:green_banner":75,"minecraft:chest":37,"minecraft:brown_concrete":12891,"minecraft:white_terracotta":11283,"minecraft:stone":41623,"minecraft:zombie_spawn_egg":3,"minecraft:creeper_head":12,"minecraft:stripped_jungle_wood":5,"minecraft:quartz_stairs":859,"minecraft:red_nether_brick_stairs":1748,"minecraft:warped_sign":1955,"minecraft:grass":61,"minecraft:player_head":1122,"minecraft:smooth_sandstone_stairs":416,"minecraft:waxed_weathered_cut_copper_stairs":18,"minecraft:green_terracotta":17420,"minecraft:stripped_crimson_stem":5,"minecraft:white_candle":11,"minecraft:debug_stick":28,"minecraft:chiseled_red_sandstone":75,"minecraft:soul_sand":10,"minecraft:blue_stained_glass":29,"minecraft:nether_bricks":40,"minecraft:brick_slab":117,"minecraft:orange_glazed_terracotta":10,"minecraft:jungle_planks":66,"minecraft:prismarine_brick_stairs":609,"minecraft:jungle_slab":10,"minecraft:deepslate_tile_slab":423,"minecraft:orange_wool":4507,"minecraft:deepslate_brick_slab":400,"minecraft:pink_terracotta":581,"minecraft:acacia_button":210,"minecraft:tuff":7484,"minecraft:beehive":2550,"minecraft:cyan_wool":17188,"minecraft:stripped_spruce_log":730,"minecraft:obsidian":1941,"minecraft:honey_bottle":4,"minecraft:polished_deepslate_stairs":2238,"minecraft:red_sandstone_stairs":96,"minecraft:polished_blackstone_slab":10323,"minecraft:glass":2571,"minecraft:crimson_button":359,"minecraft:waxed_oxidized_copper":234,"minecraft:packed_ice":1419,"minecraft:stripped_dark_oak_wood":15,"minecraft:cyan_terracotta":50471,"minecraft:quartz_block":3836,"minecraft:black_stained_glass_pane":1725,"minecraft:bricks":18481,"minecraft:quartz_pillar":306,"minecraft:lime_banner":154,"minecraft:music_disc_pigstep":6,"minecraft:red_wool":2785,"minecraft:warped_hyphae":223,"minecraft:quartz_slab":1245,"minecraft:spruce_wood":1,"minecraft:lantern":89,"minecraft:grass_block":168,"minecraft:green_wool":4018,"minecraft:polished_andesite_stairs":3795,"minecraft:music_disc_ward":2,"minecraft:orange_shulker_box":20,"minecraft:polished_blackstone_brick_wall":789,"minecraft:dark_oak_wood":29,"minecraft:dark_oak_leaves":188,"minecraft:dark_oak_slab":28,"minecraft:mossy_cobblestone_slab":4,"minecraft:gray_concrete_powder":11789,"minecraft:waxed_weathered_cut_copper":54,"minecraft:dark_oak_button":27,"minecraft:diorite_wall":5096,"minecraft:pink_wool":318,"minecraft:red_nether_brick_wall":2602,"minecraft:stone_brick_stairs":791,"minecraft:stone_bricks":7116,"minecraft:blue_banner":137,"minecraft:item_frame":143,"minecraft:honeycomb_block":5,"minecraft:bedrock":7,"minecraft:birch_button":1167,"minecraft:repeater":5630,"minecraft:golden_sword":142,"minecraft:birch_trapdoor":757,"minecraft:red_stained_glass_pane":321,"minecraft:red_carpet":552,"minecraft:redstone_lamp":208,"minecraft:snow":57,"minecraft:brown_carpet":30,"minecraft:jungle_button":60,"minecraft:furnace":30,"minecraft:oxidized_cut_copper_stairs":5,"minecraft:acacia_fence":2655,"minecraft:polished_diorite_stairs":38,"minecraft:gold_block":284,"minecraft:skeleton_skull":170,"minecraft:gray_banner":286,"minecraft:pink_concrete_powder":78,"minecraft:end_stone_brick_stairs":59,"minecraft:polished_blackstone_stairs":2602,"minecraft:brown_concrete_powder":485,"minecraft:green_stained_glass_pane":77,"minecraft:dark_prismarine_stairs":493,"minecraft:stripped_spruce_wood":157,"minecraft:light_blue_carpet":21,"minecraft:deepslate_brick_wall":483,"minecraft:chiseled_polished_blackstone":835,"minecraft:dark_oak_stairs":40,"minecraft:mossy_stone_bricks":46,"minecraft:waxed_oxidized_cut_copper_slab":515,"minecraft:diorite":4290,"minecraft:end_rod":2302,"minecraft:end_stone_bricks":2262,"minecraft:spruce_door":4,"minecraft:brick_wall":79,"minecraft:stripped_acacia_log":112,"minecraft:dropper":87,"minecraft:wither_skeleton_skull":255,"minecraft:birch_leaves":1,"minecraft:red_stained_glass":267,"minecraft:gray_carpet":81,"minecraft:acacia_trapdoor":699,"minecraft:dark_oak_sign":2748,"minecraft:blackstone_stairs":105,"minecraft:blackstone":3485,"minecraft:oak_planks":5179,"minecraft:prismarine_stairs":139,"minecraft:polished_diorite_slab":96,"minecraft:ender_pearl":227,"minecraft:lime_concrete_powder":309,"minecraft:sandstone":2547,"minecraft:structure_void":5,"minecraft:redstone_block":711,"minecraft:end_stone_brick_slab":48,"minecraft:clay":10,"minecraft:purpur_pillar":187,"minecraft:oak_leaves":20830,"minecraft:smooth_quartz_stairs":493,"minecraft:white_wool":2242,"minecraft:glow_berries":1,"minecraft:dark_oak_trapdoor":738,"minecraft:sand":11,"minecraft:purpur_stairs":583,"minecraft:light_blue_concrete":72955,"minecraft:yellow_terracotta":6732,"minecraft:lime_stained_glass_pane":769,"minecraft:cut_sandstone_slab":106,"minecraft:loom":47,"minecraft:blast_furnace":1,"minecraft:waxed_weathered_cut_copper_slab":57,"minecraft:yellow_concrete":10875,"minecraft:light_blue_wool":3846,"minecraft:black_banner":536,"minecraft:smooth_red_sandstone":618,"minecraft:light_gray_terracotta":8498,"minecraft:purple_terracotta":2342,"minecraft:oxidized_cut_copper_slab":2,"minecraft:chiseled_quartz_block":3110,"minecraft:blackstone_wall":1708,"minecraft:note_block":671,"minecraft:dripstone_block":164,"minecraft:gray_concrete":17165,"minecraft:stone_brick_wall":8469,"minecraft:black_concrete_powder":3761,"minecraft:cobbled_deepslate_stairs":23,"minecraft:red_sandstone_wall":756,"minecraft:purple_concrete_powder":246,"minecraft:deepslate_brick_stairs":879,"minecraft:crimson_fence_gate":21,"minecraft:lightning_rod":435,"minecraft:birch_fence":1711,"minecraft:deepslate_tiles":6258,"minecraft:redstone_torch":40,"minecraft:sticky_piston":10,"minecraft:black_terracotta":2766,"minecraft:lever":533,"minecraft:green_concrete":22443,"minecraft:red_sandstone":3386,"minecraft:black_concrete":42383,"minecraft:birch_slab":3,"minecraft:daylight_detector":2,"minecraft:stone_button":1215,"minecraft:birch_fence_gate":26,"minecraft:crying_obsidian":326,"minecraft:chiseled_sandstone":82,"minecraft:acacia_door":3,"minecraft:string":590,"minecraft:lime_carpet":29,"minecraft:gray_stained_glass_pane":235,"minecraft:light_gray_concrete":34512,"minecraft:zombie_head":12,"minecraft:heavy_weighted_pressure_plate":7,"minecraft:brown_wool":349,"minecraft:warped_slab":286,"minecraft:barrier":19991,"minecraft:cyan_carpet":59,"minecraft:white_glazed_terracotta":38,"minecraft:red_terracotta":10603,"minecraft:polished_granite":3265,"minecraft:oak_pressure_plate":21,"minecraft:deepslate":191,"minecraft:iron_door":32,"minecraft:cut_red_sandstone":267,"minecraft:prismarine_wall":1711,"minecraft:polished_andesite_slab":3889,"minecraft:flowering_azalea_leaves":3,"minecraft:blackstone_slab":1337,"minecraft:magenta_stained_glass_pane":968,"minecraft:granite_slab":370,"minecraft:coal_block":3,"minecraft:blue_candle":16,"minecraft:smooth_red_sandstone_slab":1586,"minecraft:light_blue_concrete_powder":216,"minecraft:stripped_oak_wood":1347,"minecraft:crimson_door":93,"minecraft:grindstone":9,"minecraft:birch_log":1,"minecraft:white_stained_glass":492,"minecraft:andesite":24096,"minecraft:waxed_oxidized_cut_copper_stairs":822,"minecraft:green_concrete_powder":45,"minecraft:chain":2720,"minecraft:mossy_cobblestone_wall":13,"minecraft:pink_stained_glass":439,"minecraft:smooth_stone_slab":7940,"minecraft:waxed_cut_copper_stairs":23,"minecraft:white_concrete":24356,"minecraft:coarse_dirt":2141,"minecraft:warped_button":179,"minecraft:purple_wool":2485,"minecraft:diorite_slab":306,"minecraft:cobweb":6,"minecraft:gray_stained_glass":12,"minecraft:diorite_stairs":210,"minecraft:oak_fence":3161,"minecraft:oak_trapdoor":777,"minecraft:purpur_block":1020,"minecraft:stripped_acacia_wood":24,"minecraft:petrified_oak_slab":609,"minecraft:orange_concrete_powder":106,"minecraft:polished_blackstone_brick_slab":235,"minecraft:iron_bars":22663,"minecraft:crimson_fence":690,"minecraft:waxed_weathered_copper":26,"minecraft:music_disc_otherside":2,"minecraft:acacia_log":3,"minecraft:orange_concrete":30392,"minecraft:flint_and_steel":673,"minecraft:red_concrete":43047,"minecraft:armor_stand":2,"minecraft:redstone":1387,"minecraft:light_blue_terracotta":4358,"minecraft:light_gray_carpet":439,"minecraft:stripped_warped_stem":19,"minecraft:spruce_planks":5359,"minecraft:tinted_glass":2877,"minecraft:ender_chest":8,"minecraft:deepslate_gold_ore":2,"minecraft:polished_blackstone_wall":4075,"minecraft:sandstone_wall":1205,"minecraft:dried_kelp_block":1321,"minecraft:torch":41,"minecraft:green_glazed_terracotta":84,"minecraft:cut_copper_stairs":1,"minecraft:oak_door":1,"minecraft:orange_stained_glass":139,"minecraft:light_gray_shulker_box":6,"minecraft:end_stone_brick_wall":223,"minecraft:anvil":24,"minecraft:dirt":651,"minecraft:spyglass":9,"minecraft:red_nether_brick_slab":4692,"minecraft:white_carpet":202,"minecraft:light_blue_dye":20,"minecraft:hopper":26,"minecraft:prismarine_bricks":131,"minecraft:spruce_stairs":911,"minecraft:cobblestone_wall":6,"minecraft:crimson_hyphae":3,"minecraft:stone_stairs":383,"minecraft:nether_brick_slab":28,"minecraft:warped_door":68,"minecraft:oak_wood":2221,"minecraft:yellow_carpet":270,"minecraft:pink_carpet":2,"minecraft:polished_granite_slab":1405,"minecraft:jungle_trapdoor":21,"minecraft:granite":881,"minecraft:spruce_fence":3231,"minecraft:blue_concrete":7381,"minecraft:light_blue_stained_glass":1289,"minecraft:nether_brick_stairs":50,"minecraft:oak_fence_gate":84,"minecraft:polished_diorite":2579,"minecraft:purple_banner":258,"minecraft:orange_candle":48,"minecraft:shroomlight":108,"minecraft:andesite_wall":3141,"minecraft:birch_door":33,"minecraft:purple_stained_glass_pane":154,"minecraft:dark_oak_planks":271,"minecraft:ravager_spawn_egg":1,"minecraft:stone_brick_slab":551,"minecraft:red_shulker_box":12,"minecraft:brown_terracotta":2957,"minecraft:sea_lantern":5050,"minecraft:light_gray_stained_glass":12,"minecraft:bookshelf":5,"minecraft:waxed_cut_copper":851,"minecraft:yellow_stained_glass":399,"minecraft:iron_block":6523,"minecraft:oak_stairs":1672,"minecraft:smooth_sandstone":3496,"minecraft:spruce_button":10,"minecraft:warped_fence":868,"minecraft:acacia_slab":14,"minecraft:polished_deepslate_wall":2259,"minecraft:crimson_slab":480,"minecraft:red_candle":223,"minecraft:polished_blackstone_brick_stairs":261,"minecraft:smooth_quartz":2431,"minecraft:pink_stained_glass_pane":206,"minecraft:crimson_planks":1467,"minecraft:prismarine_slab":205,"minecraft:barrel":1799,"minecraft:waxed_exposed_cut_copper_slab":98,"minecraft:smooth_basalt":68,"minecraft:bamboo":1,"minecraft:yellow_concrete_powder":85,"minecraft:light_gray_wool":4916,"minecraft:basalt":1262,"minecraft:tripwire_hook":67,"minecraft:purple_concrete":63927,"minecraft:glowstone":15,"minecraft:waxed_cut_copper_slab":11,"minecraft:lime_concrete":12301,"minecraft:warped_stairs":383,"minecraft:black_stained_glass":207,"minecraft:magenta_wool":9035,"minecraft:emerald_block":7,"minecraft:gray_glazed_terracotta":6,"minecraft:iron_trapdoor":4117,"minecraft:magenta_terracotta":1150,"minecraft:lime_stained_glass":254,"minecraft:deepslate_tile_stairs":1224,"minecraft:black_dye":2,"minecraft:white_stained_glass_pane":509,"minecraft:cyan_banner":95,"minecraft:acacia_wood":490,"minecraft:granite_wall":5688,"minecraft:cyan_concrete_powder":101,"minecraft:crimson_pressure_plate":3,"minecraft:stone_pressure_plate":23,"minecraft:cobbled_deepslate":7494,"minecraft:acacia_planks":227,"minecraft:red_dye":16,"minecraft:observer":39,"minecraft:brown_candle":4,"minecraft:orange_terracotta":26637,"minecraft:magenta_dye":1,"minecraft:cobbled_deepslate_wall":598,"minecraft:calcite":13765,"minecraft:quartz_bricks":11459,"minecraft:water_bucket":1462,"minecraft:yellow_banner":266,"minecraft:pink_glazed_terracotta":341,"minecraft:amethyst_block":130,"minecraft:light_blue_glazed_terracotta":905,"minecraft:cobblestone_stairs":1,"minecraft:sandstone_stairs":104,"minecraft:lodestone":1858,"minecraft:snow_block":8996,"minecraft:prismarine_brick_slab":1184,"minecraft:birch_planks":181,"minecraft:polished_andesite":26770,"minecraft:lime_wool":3784,"minecraft:red_nether_bricks":1247,"minecraft:blue_wool":8239,"minecraft:pink_banner":87,"minecraft:andesite_slab":803,"minecraft:waxed_oxidized_cut_copper":908,"minecraft:smooth_sandstone_slab":1221,"minecraft:magenta_stained_glass":2223,"minecraft:purple_glazed_terracotta":38,"minecraft:cut_sandstone":41,"minecraft:red_mushroom_block":5,"minecraft:blue_concrete_powder":1462,"minecraft:spruce_sign":274,"minecraft:cauldron":14,"minecraft:white_dye":1,"minecraft:pink_concrete":15296,"minecraft:red_glazed_terracotta":209,"minecraft:glow_ink_sac":81,"minecraft:cobblestone_slab":971,"minecraft:deepslate_bricks":654,"minecraft:waxed_exposed_copper":911,"minecraft:diamond_block":802,"minecraft:orange_carpet":2,"minecraft:waxed_copper_block":13,"minecraft:cracked_stone_bricks":770,"minecraft:gilded_blackstone":1,"minecraft:light_gray_banner":575,"minecraft:lime_terracotta":5912,"minecraft:glow_item_frame":17,"minecraft:comparator":487,"minecraft:polished_blackstone_pressure_plate":155,"minecraft:polished_deepslate_slab":4908,"minecraft:mossy_cobblestone":78,"minecraft:terracotta":685,"minecraft:stripped_dark_oak_log":1,"minecraft:rail":53,"minecraft:vine":10,"minecraft:music_disc_cat":1,"minecraft:dark_prismarine_slab":1731,"minecraft:oak_slab":4898,"minecraft:crafting_table":1,"minecraft:crimson_trapdoor":1849,"minecraft:brown_banner":12,"minecraft:birch_sign":3452,"minecraft:yellow_stained_glass_pane":40,"minecraft:campfire":31,"minecraft:light_gray_concrete_powder":5463,"minecraft:dark_oak_fence_gate":342,"minecraft:brown_glazed_terracotta":352,"minecraft:magenta_carpet":8,"minecraft:warped_planks":2459,"minecraft:smooth_red_sandstone_stairs":1273,"minecraft:cake":5,"minecraft:spruce_log":2,"minecraft:dark_oak_door":6,"minecraft:cyan_stained_glass":9,"minecraft:deepslate_tile_wall":2068,"minecraft:amethyst_cluster":36,"minecraft:purple_stained_glass":240,"minecraft:oak_log":923,"minecraft:light_blue_candle":8,"minecraft:gray_terracotta":2285,"minecraft:netherite_block":5837,"minecraft:piston":27,"minecraft:dark_prismarine":1987,"minecraft:yellow_dye":8,"minecraft:flower_pot":259,"minecraft:light":45577,"minecraft:acacia_stairs":15,"minecraft:black_wool":3757,"minecraft:waxed_exposed_cut_copper_stairs":48,"minecraft:warped_trapdoor":1936,"minecraft:acacia_sign":611,"minecraft:stripped_jungle_log":7,"minecraft:command_block":8121,"minecraft:cracked_polished_blackstone_bricks":3,"minecraft:oak_button":238,"minecraft:pig_spawn_egg":1,"minecraft:map":57,"minecraft:stone_slab":1879,"minecraft:spruce_pressure_plate":5,"minecraft:magenta_concrete":60442,"minecraft:cyan_concrete":17453,"minecraft:jungle_stairs":11,"minecraft:purpur_slab":951,"minecraft:magenta_concrete_powder":357,"minecraft:spruce_trapdoor":694,"minecraft:yellow_wool":2738,"minecraft:acacia_fence_gate":1939,"minecraft:crimson_sign":3061,"minecraft:magenta_banner":132,"minecraft:chiseled_stone_bricks":92,"minecraft:blue_carpet":137,"minecraft:green_carpet":12,"minecraft:cobblestone":1956,"minecraft:cobbled_deepslate_slab":2319,"minecraft:orange_banner":166,"minecraft:stripped_crimson_hyphae":2,"minecraft:cyan_stained_glass_pane":14,"minecraft:crimson_stairs":346,"minecraft:acacia_pressure_plate":18,"minecraft:red_concrete_powder":205,"minecraft:white_banner":554,"minecraft:andesite_stairs":197,"minecraft:glass_pane":441,"minecraft:chain_command_block":11,"minecraft:warped_fence_gate":7,"minecraft:red_banner":763,"minecraft:sandstone_slab":222,"minecraft:lapis_block":1122,"minecraft:pumpkin_pie":1,"minecraft:black_candle":6,"minecraft:repeating_command_block":10324,"minecraft:polished_blackstone_button":1969,"minecraft:stripped_oak_log":320,"minecraft:purple_carpet":68,"minecraft:gray_wool":854,"minecraft:jukebox":1,"minecraft:smooth_stone":9965,"minecraft:green_stained_glass":181},"minecraft:crafted":{"minecraft:leather_chestplate":1,"minecraft:leather_leggings":1,"minecraft:leather_boots":1},"minecraft:picked_up":{"minecraft:wooden_axe":4,"minecraft:birch_door":1,"minecraft:black_carpet":4,"minecraft:light_blue_concrete":2,"minecraft:birch_button":14,"minecraft:light":24,"minecraft:polished_deepslate_wall":1,"minecraft:polished_deepslate":1,"minecraft:music_disc_cat":1,"minecraft:oak_sign":1,"minecraft:acacia_sign":1,"minecraft:crimson_sign":34,"minecraft:blue_wool":2,"minecraft:birch_trapdoor":1,"minecraft:polished_deepslate_stairs":1,"minecraft:crimson_button":3,"minecraft:music_disc_pigstep":6,"minecraft:warped_door":2,"minecraft:yellow_banner":1,"minecraft:green_banner":1,"minecraft:rotten_flesh":13,"minecraft:command_block":3,"minecraft:light_blue_wool":1,"minecraft:music_disc_ward":2,"minecraft:cyan_terracotta":1,"minecraft:white_terracotta":2,"minecraft:iron_bars":2,"minecraft:repeater":1,"minecraft:andesite":1,"minecraft:tuff":1,"minecraft:gray_concrete":1,"minecraft:light_gray_concrete_powder":1,"minecraft:gray_concrete_powder":14,"minecraft:glass":1,"minecraft:granite_wall":1,"minecraft:warped_hyphae":1,"minecraft:pink_banner":6,"minecraft:dark_oak_sign":9,"minecraft:cyan_concrete":1,"minecraft:pink_concrete":1,"minecraft:crimson_door":1,"minecraft:red_terracotta":1,"minecraft:netherite_block":1,"minecraft:light_gray_concrete":1,"minecraft:dark_prismarine_slab":1,"minecraft:black_concrete_powder":10,"minecraft:black_concrete":1,"minecraft:polished_blackstone_pressure_plate":1,"minecraft:lever":5,"minecraft:polished_blackstone_button":8,"minecraft:white_concrete":3,"minecraft:spruce_button":1,"minecraft:spruce_sign":2,"minecraft:light_gray_carpet":4,"minecraft:acacia_button":4,"minecraft:orange_concrete":4,"minecraft:white_carpet":3,"minecraft:item_frame":3,"minecraft:music_disc_otherside":2,"minecraft:player_head":1,"minecraft:stone":1,"minecraft:note_block":1,"minecraft:stone_button":5,"minecraft:brown_concrete_powder":2,"minecraft:smooth_sandstone_slab":1,"minecraft:repeating_command_block":3,"minecraft:purpur_slab":1,"minecraft:warped_sign":48,"minecraft:black_banner":64,"minecraft:magenta_banner":7,"minecraft:cut_sandstone":1,"minecraft:filled_map":3,"minecraft:white_banner":2,"minecraft:light_blue_banner":16,"minecraft:gray_carpet":1,"minecraft:oak_slab":1,"minecraft:prismarine_brick_stairs":1,"minecraft:yellow_concrete":1,"minecraft:lime_concrete":3,"minecraft:red_banner":20,"minecraft:brick_slab":1,"minecraft:cyan_banner":3,"minecraft:lime_banner":1,"minecraft:polished_diorite":1,"minecraft:birch_sign":5,"minecraft:oak_button":3,"minecraft:magenta_concrete":1,"minecraft:red_concrete":1,"minecraft:hopper":3,"minecraft:ender_pearl":23},"minecraft:custom":{"minecraft:interact_with_crafting_table":1,"minecraft:open_barrel":11,"minecraft:open_shulker_box":1,"minecraft:leave_game":1364,"minecraft:time_since_death":91672,"minecraft:damage_resisted":4510,"minecraft:sprint_one_cm":32320179,"minecraft:drop":134,"minecraft:play_time":40879583,"minecraft:deaths":239,"minecraft:jump":150022,"minecraft:walk_on_water_one_cm":99890,"minecraft:play_record":11,"minecraft:interact_with_loom":253,"minecraft:damage_dealt":4996,"minecraft:crouch_one_cm":604410,"minecraft:inspect_dispenser":2,"minecraft:inspect_dropper":71,"minecraft:interact_with_anvil":21,"minecraft:mob_kills":21,"minecraft:inspect_hopper":6,"minecraft:walk_one_cm":25499345,"minecraft:sneak_time":2258353,"minecraft:walk_under_water_one_cm":109005,"minecraft:total_world_time":68277217,"minecraft:tune_noteblock":4506,"minecraft:pot_flower":79,"minecraft:interact_with_grindstone":2,"minecraft:time_since_rest":91697,"minecraft:damage_taken":12125,"minecraft:swim_one_cm":26153,"minecraft:fly_one_cm":644457332,"minecraft:open_chest":47,"minecraft:fall_one_cm":70888},"minecraft:killed_by":{"minecraft:zombie":9,"minecraft:skeleton":4},"minecraft:dropped":{"minecraft:repeating_command_block":3,"minecraft:orange_dye":62,"minecraft:ender_pearl":23,"minecraft:warped_hyphae":1,"minecraft:prismarine_brick_stairs":1,"minecraft:black_banner":63,"minecraft:cyan_terracotta":1,"minecraft:gray_concrete":1,"minecraft:stone_button":2,"minecraft:yellow_dye":40,"minecraft:cut_sandstone":1,"minecraft:black_concrete":1,"minecraft:light_blue_banner":5,"minecraft:pink_concrete":1,"minecraft:note_block":1,"minecraft:blue_wool":2,"minecraft:birch_trapdoor":1,"minecraft:orange_banner":16,"minecraft:cyan_banner":122,"minecraft:yellow_banner":16,"minecraft:iron_bars":2,"minecraft:cyan_concrete":1,"minecraft:glass":1,"minecraft:granite_wall":1,"minecraft:oak_slab":1,"minecraft:yellow_concrete":1,"minecraft:cyan_dye":62,"minecraft:purpur_slab":1,"minecraft:dark_prismarine_slab":1,"minecraft:command_block":3,"minecraft:light_blue_wool":1,"minecraft:wooden_axe":5,"minecraft:white_concrete":3,"minecraft:smooth_sandstone_slab":1,"minecraft:polished_deepslate_wall":1,"minecraft:polished_deepslate":1,"minecraft:polished_diorite":1,"minecraft:red_concrete":1,"minecraft:player_head":1,"minecraft:lime_concrete":3,"minecraft:tuff":1,"minecraft:orange_concrete":1,"minecraft:red_banner":14,"minecraft:light_gray_concrete":1,"minecraft:white_terracotta":2,"minecraft:magenta_concrete":1,"minecraft:light_blue_concrete":2,"minecraft:polished_deepslate_stairs":1,"minecraft:red_terracotta":1,"minecraft:light":24,"minecraft:stone":1,"minecraft:netherite_block":1,"minecraft:andesite":1,"minecraft:gray_concrete_powder":2,"minecraft:brick_slab":1}},"DataVersion":2865}