{
	"credit": "Created by mullak99",
	"ambientocclusion": false,
	"textures": {
		"particle": "block/jungle_trapdoor",
		"top": "block/jungle_trapdoor",
		"front": "ctm/trapdoors/jungle/front",
		"side": "ctm/trapdoors/jungle/side"
	},
	"elements": [
		{
			"name": "north",
			"from": [0, 0, 0],
			"to": [16, 3, 3],
			"faces": {
				"north": {"uv": [0, 0, 16, 3], "texture": "#front", "cullface": "north"},
				"east": {"uv": [13, 0, 16, 3], "texture": "#side", "cullface": "east"},
				"south": {"uv": [0, 0, 16, 3], "texture": "#front"},
				"west": {"uv": [0, 0, 3, 3], "texture": "#side", "cullface": "west"},
				"up": {"uv": [0, 16, 16, 13], "texture": "#top"},
				"down": {"uv": [0, 13, 16, 16], "texture": "#top", "cullface": "down"}
			}
		},
		{
			"name": "south",
			"from": [0, 0, 13.5],
			"to": [16, 3, 16],
			"faces": {
				"north": {"uv": [0, 0, 16, 3], "texture": "#front"},
				"east": {"uv": [0, 0, 2.5, 3], "texture": "#side", "cullface": "east"},
				"south": {"uv": [0, 0, 16, 3], "texture": "#front", "cullface": "south"},
				"west": {"uv": [13.5, 0, 16, 3], "texture": "#side", "cullface": "west"},
				"up": {"uv": [0, 2.5, 16, 0], "texture": "#top"},
				"down": {"uv": [0, 0, 16, 2.5], "texture": "#top", "cullface": "down"}
			}
		},
		{
			"name": "west",
			"from": [0, 0, 3],
			"to": [2.5, 3, 13.5],
			"faces": {
				"east": {"uv": [2.5, 0, 13, 3], "texture": "#side"},
				"west": {"uv": [3, 0, 13.5, 3], "texture": "#side", "cullface": "west"},
				"up": {"uv": [0, 13, 2.5, 2.5], "texture": "#top"},
				"down": {"uv": [0, 2.5, 2.5, 13], "texture": "#top", "cullface": "down"}
			}
		},
		{
			"name": "east",
			"from": [13.5, 0, 3],
			"to": [16, 3, 13.5],
			"faces": {
				"east": {"uv": [2.5, 0, 13, 3], "texture": "#side", "cullface": "east"},
				"west": {"uv": [3, 0, 13.5, 3], "texture": "#side"},
				"up": {"uv": [13.5, 13, 16, 2.5], "texture": "#top"},
				"down": {"uv": [13.5, 2.5, 16, 13], "texture": "#top", "cullface": "down"}
			}
		},
		{
			"name": "vert1",
			"from": [5.5, 0, 3],
			"to": [7, 3, 13.5],
			"faces": {
				"east": {"uv": [2.5, 0, 13, 3], "texture": "#side"},
				"west": {"uv": [3, 0, 13.5, 3], "texture": "#side"},
				"up": {"uv": [5.5, 13, 7, 2.5], "texture": "#top"},
				"down": {"uv": [5.5, 2.5, 7, 13], "texture": "#top", "cullface": "down"}
			}
		},
		{
			"name": "vert2",
			"from": [9, 0, 3],
			"to": [10.5, 3, 13.5],
			"faces": {
				"east": {"uv": [2.5, 0, 13, 3], "texture": "#side"},
				"west": {"uv": [3, 0, 13.5, 3], "texture": "#side"},
				"up": {"uv": [9, 13, 10.5, 2.5], "texture": "#top"},
				"down": {"uv": [9, 2.5, 10.5, 13], "texture": "#top", "cullface": "down"}
			}
		},
		{
			"name": "hor",
			"from": [2.5, 0, 7],
			"to": [13.5, 3, 8.5],
			"faces": {
				"north": {"uv": [2.5, 0, 13.5, 3], "texture": "#front"},
				"south": {"uv": [2.5, 0, 13.5, 3], "texture": "#front"},
				"up": {"uv": [2.5, 9, 13.5, 7.5], "texture": "#top"},
				"down": {"uv": [2.5, 7.5, 13.5, 9], "texture": "#top", "cullface": "down"}
			}
		},
		{
			"name": "handle",
			"from": [5, -0.5, 1],
			"to": [11, 3.5, 2],
			"faces": {
				"north": {"uv": [5, 15, 11, 14.5], "rotation": 180, "texture": "#top"},
				"east": {"uv": [5, 14, 5.5, 15], "texture": "#top"},
				"south": {"uv": [5, 14, 11, 14.5], "texture": "#top"},
				"west": {"uv": [10.5, 14, 11, 15], "texture": "#top"},
				"up": {"uv": [5, 15, 11, 14], "texture": "#top"},
				"down": {"uv": [5, 14, 11, 15], "texture": "#top", "cullface": "down"}
			}
		},
		{
			"name": "1",
			"from": [2.5, 0, 3],
			"to": [3.5, 3, 4.5],
			"faces": {
				"east": {"uv": [11.5, 0, 13, 3], "texture": "#side"},
				"south": {"uv": [11, 0, 12, 3], "texture": "#front"},
				"up": {"uv": [2.5, 13, 3.5, 11.5], "texture": "#top"},
				"down": {"uv": [2.5, 11.5, 3.5, 13], "texture": "#top", "cullface": "down"}
			}
		},
		{
			"name": "2",
			"from": [3.5, 0, 3],
			"to": [4.5, 3, 3.5],
			"faces": {
				"east": {"uv": [12.5, 0, 13, 3], "texture": "#side"},
				"south": {"uv": [3.5, 0, 4.5, 3], "texture": "#front"},
				"up": {"uv": [3.5, 13, 4.5, 12.5], "texture": "#top"},
				"down": {"uv": [3.5, 12.5, 4.5, 13], "texture": "#top", "cullface": "down"}
			}
		},
		{
			"name": "3",
			"from": [2.5, 0, 4.5],
			"to": [3, 3, 7],
			"faces": {
				"east": {"uv": [9, 0, 11.5, 3], "texture": "#side"},
				"up": {"uv": [2.5, 11.5, 3, 9], "texture": "#top"},
				"down": {"uv": [2.5, 9, 3, 11.5], "texture": "#top", "cullface": "down"}
			}
		},
		{
			"name": "1",
			"from": [12.5, 0, 3],
			"to": [13.5, 3, 4.5],
			"faces": {
				"south": {"uv": [12.5, 0, 13.5, 3], "texture": "#front"},
				"west": {"uv": [3, 0, 4.5, 3], "texture": "#side"},
				"up": {"uv": [12.5, 13, 13.5, 11.5], "texture": "#top"},
				"down": {"uv": [12.5, 11.5, 13.5, 13], "texture": "#top", "cullface": "down"}
			}
		},
		{
			"name": "2",
			"from": [11.5, 0, 3],
			"to": [12.5, 3, 3.5],
			"faces": {
				"south": {"uv": [11.5, 0, 12.5, 3], "texture": "#front"},
				"west": {"uv": [3, 0, 3.5, 3], "texture": "#side"},
				"up": {"uv": [11.5, 13, 12.5, 12.5], "rotation": 180, "texture": "#top"},
				"down": {"uv": [11.5, 12.5, 12.5, 13], "texture": "#top", "cullface": "down"}
			}
		},
		{
			"name": "3",
			"from": [13, 0, 4.5],
			"to": [13.5, 3, 7],
			"faces": {
				"west": {"uv": [4.5, 0, 7, 3], "texture": "#side"},
				"up": {"uv": [13, 11.5, 13.5, 9], "texture": "#top"},
				"down": {"uv": [13, 9, 13.5, 11.5], "texture": "#top", "cullface": "down"}
			}
		},
		{
			"name": "1",
			"from": [2.5, 0, 12],
			"to": [3.5, 3, 13.5],
			"faces": {
				"north": {"uv": [12.5, 0, 13.5, 3], "texture": "#front"},
				"east": {"uv": [2.5, 0, 4, 3], "texture": "#side"},
				"up": {"uv": [2.5, 4, 3.5, 2.5], "texture": "#top"},
				"down": {"uv": [2.5, 2.5, 3.5, 4], "texture": "#top", "cullface": "down"}
			}
		},
		{
			"name": "2",
			"from": [3.5, 0, 13],
			"to": [4.5, 3, 13.5],
			"faces": {
				"north": {"uv": [11.5, 0, 12.5, 3], "texture": "#front"},
				"east": {"uv": [2.5, 0, 3, 3], "texture": "#side"},
				"up": {"uv": [3.5, 3, 4.5, 2.5], "texture": "#top"},
				"down": {"uv": [3.5, 2.5, 4.5, 3], "texture": "#top", "cullface": "down"}
			}
		},
		{
			"name": "3",
			"from": [2.5, 0, 10.5],
			"to": [3, 3, 12],
			"faces": {
				"north": {"uv": [13, 0, 13.5, 3], "rotation": 180, "texture": "#front"},
				"east": {"uv": [4, 0, 5.5, 3], "texture": "#side"},
				"up": {"uv": [2.5, 5.5, 3, 4], "texture": "#top"},
				"down": {"uv": [2.5, 4, 3, 5.5], "texture": "#top", "cullface": "down"}
			}
		},
		{
			"name": "1",
			"from": [12.5, 0, 12],
			"to": [13.5, 3, 13.5],
			"faces": {
				"north": {"uv": [2.5, 0, 3.5, 3], "texture": "#front"},
				"west": {"uv": [12, 0, 13.5, 3], "texture": "#side"},
				"up": {"uv": [12.5, 4, 13.5, 2.5], "texture": "#top"},
				"down": {"uv": [12.5, 2.5, 13.5, 4], "rotation": 180, "texture": "#top", "cullface": "down"}
			}
		},
		{
			"name": "2",
			"from": [11.5, 0, 13],
			"to": [12.5, 3, 13.5],
			"faces": {
				"north": {"uv": [3.5, 0, 4.5, 3], "texture": "#front"},
				"west": {"uv": [13, 0, 13.5, 3], "texture": "#side"},
				"up": {"uv": [11.5, 3, 12.5, 2.5], "texture": "#top"},
				"down": {"uv": [11.5, 2.5, 12.5, 3], "texture": "#top", "cullface": "down"}
			}
		},
		{
			"name": "3",
			"from": [13, 0, 10.5],
			"to": [13.5, 3, 12],
			"faces": {
				"north": {"uv": [2.5, 0, 3, 3], "texture": "#front"},
				"west": {"uv": [10.5, 0, 12, 3], "texture": "#side"},
				"up": {"uv": [13, 5.5, 13.5, 4], "texture": "#top"},
				"down": {"uv": [13, 4, 13.5, 5.5], "texture": "#top", "cullface": "down"}
			}
		}
	],
	"display": {
		"thirdperson_righthand": {
			"rotation": [75, 45, 0],
			"translation": [0, 2.5, 0],
			"scale": [0.375, 0.375, 0.375]
		},
		"firstperson_righthand": {
			"rotation": [0, 45, 0],
			"scale": [0.4, 0.4, 0.4]
		},
		"firstperson_lefthand": {
			"rotation": [0, 225, 0],
			"scale": [0.4, 0.4, 0.4]
		},
		"ground": {
			"translation": [0, 3, 0],
			"scale": [0.25, 0.25, 0.25]
		},
		"gui": {
			"rotation": [30, 225, 0],
			"scale": [0.625, 0.625, 0.625]
		},
		"fixed": {
			"scale": [0.5, 0.5, 0.5]
		}
	},
	"groups": [
		{
			"name": "group",
			"origin": [8, 8, 8],
			"color": 0,
			"children": [0, 1, 2, 3, 4, 5, 6, 7,
				{
					"name": "curves",
					"origin": [8, 8, 8],
					"color": 0,
					"children": [
						{
							"name": "north",
							"origin": [8, 8, 8],
							"color": 0,
							"children": [
								{
									"name": "1",
									"origin": [8, 8, 8],
									"color": 0,
									"children": [8, 9, 10]
								},
								{
									"name": "2",
									"origin": [8, 8, 8],
									"color": 0,
									"children": [11, 12, 13]
								}
							]
						},
						{
							"name": "south",
							"origin": [8, 8, 8],
							"color": 0,
							"children": [
								{
									"name": "1",
									"origin": [8, 8, 8],
									"color": 0,
									"children": [14, 15, 16]
								},
								{
									"name": "2",
									"origin": [8, 8, 8],
									"color": 0,
									"children": [17, 18, 19]
								}
							]
						}
					]
				}
			]
		}
	]
}