{
	"credit": "Created by mullak99",
	"ambientocclusion": false,
	"textures": {
		"particle": "block/warped_door_top",
		"door": "block/warped_door_top",
		"side_top_hinge": "ctm/doors/warped/side_top_hinge",
		"side_top": "ctm/doors/warped/side_top",
		"top": "ctm/doors/warped/top"
	},
	"elements": [
		{
			"name": "1",
			"from": [-0.25, 13.5, 0.5],
			"to": [3.25, 14.5, 1],
			"faces": {
				"north": {"uv": [0.5, 1.5, 1, 2.5], "texture": "#door"},
				"east": {"uv": [1, 1.5, 0.5, 2.5], "texture": "#door"},
				"south": {"uv": [0.5, 1.5, 1, 2.5], "texture": "#door"},
				"west": {"uv": [0.5, 1.5, 1, 2.5], "texture": "#door", "cullface": "west"},
				"up": {"uv": [0.5, 1.5, 1, 2], "texture": "#door"},
				"down": {"uv": [0.5, 2, 1, 2.5], "texture": "#door"}
			}
		},
		{
			"name": "2",
			"from": [-0.25, 13, 1],
			"to": [3.25, 14, 1.5],
			"faces": {
				"north": {"uv": [1, 2, 1.5, 3], "texture": "#door"},
				"east": {"uv": [1.5, 2, 1, 3], "texture": "#door"},
				"south": {"uv": [1, 2, 1.5, 3], "texture": "#door"},
				"west": {"uv": [1, 2, 1.5, 3], "texture": "#door", "cullface": "west"},
				"up": {"uv": [1, 2, 1.5, 2.5], "texture": "#door"},
				"down": {"uv": [1, 2.5, 1.5, 3], "texture": "#door"}
			}
		},
		{
			"name": "3",
			"from": [-0.25, 13, 1.5],
			"to": [3.25, 13.5, 2.5],
			"faces": {
				"east": {"uv": [2.5, 2.5, 1.5, 3], "texture": "#door"},
				"south": {"uv": [2, 2.5, 2.5, 3], "texture": "#door"},
				"west": {"uv": [1.5, 2.5, 2.5, 3], "texture": "#door", "cullface": "west"},
				"up": {"uv": [1.5, 2.5, 2.5, 3], "texture": "#door"},
				"down": {"uv": [1.5, 2.5, 2.5, 3], "texture": "#door"}
			}
		},
		{
			"name": "4",
			"from": [-0.25, 12.5, 2],
			"to": [3.25, 13, 4.5],
			"faces": {
				"north": {"uv": [2, 3, 2.5, 3.5], "texture": "#door"},
				"east": {"uv": [4.5, 3, 2, 3.5], "texture": "#door"},
				"south": {"uv": [4, 3, 4.5, 3.5], "texture": "#door"},
				"west": {"uv": [2, 3, 4.5, 3.5], "texture": "#door", "cullface": "west"},
				"up": {"uv": [2, 3, 4.5, 3.5], "texture": "#door"},
				"down": {"uv": [2, 3, 4.5, 3.5], "rotation": 270, "texture": "#door"}
			}
		},
		{
			"name": "5",
			"from": [-0.25, 7.5, 0.5],
			"to": [3.25, 8, 1.5],
			"faces": {
				"north": {"uv": [0.5, 8, 1, 8.5], "texture": "#door"},
				"east": {"uv": [1.5, 8, 0.5, 8.5], "texture": "#door"},
				"south": {"uv": [1, 8, 1.5, 8.5], "texture": "#door"},
				"west": {"uv": [0.5, 8, 1.5, 8.5], "texture": "#door", "cullface": "west"},
				"up": {"uv": [0.5, 8, 1.5, 8.5], "rotation": 90, "texture": "#door"},
				"down": {"uv": [0.5, 8, 1.5, 8.5], "rotation": 270, "texture": "#door"}
			}
		},
		{
			"name": "6",
			"from": [-0.25, 8, 1],
			"to": [3.25, 8.5, 2.5],
			"faces": {
				"north": {"uv": [1, 7.5, 1.5, 8], "texture": "#door"},
				"east": {"uv": [2.5, 7.5, 1, 8], "texture": "#door"},
				"south": {"uv": [2, 7.5, 2.5, 8], "texture": "#door"},
				"west": {"uv": [1, 7.5, 2.5, 8], "texture": "#door", "cullface": "west"},
				"up": {"uv": [1, 7.5, 2.5, 8], "texture": "#door"},
				"down": {"uv": [1, 7.5, 2.5, 8], "texture": "#door"}
			}
		},
		{
			"name": "7",
			"from": [-0.25, 8.5, 1.5],
			"to": [3.25, 9, 3],
			"faces": {
				"north": {"uv": [1.5, 7, 2, 7.5], "texture": "#door"},
				"east": {"uv": [3, 7, 1.5, 7.5], "texture": "#door"},
				"south": {"uv": [2.5, 7, 3, 7.5], "texture": "#door"},
				"west": {"uv": [1.5, 7, 3, 7.5], "texture": "#door", "cullface": "west"},
				"up": {"uv": [1.5, 7, 3, 7.5], "texture": "#door"},
				"down": {"uv": [1.5, 7, 3, 7.5], "texture": "#door"}
			}
		},
		{
			"name": "8",
			"from": [-0.25, 9, 2.5],
			"to": [3.25, 9.5, 3.5],
			"faces": {
				"north": {"uv": [2.5, 6.5, 3, 7], "texture": "#door"},
				"east": {"uv": [3.5, 6.5, 2.5, 7], "texture": "#door"},
				"south": {"uv": [3, 6.5, 3.5, 7], "texture": "#door"},
				"west": {"uv": [2.5, 6.5, 3.5, 7], "texture": "#door", "cullface": "west"},
				"up": {"uv": [2.5, 6.5, 3.5, 7], "texture": "#door"},
				"down": {"uv": [2.5, 6.5, 3.5, 7], "texture": "#door"}
			}
		},
		{
			"name": "9",
			"from": [-0.25, 9.5, 3],
			"to": [3.25, 10, 4],
			"faces": {
				"north": {"uv": [3, 6, 3.5, 6.5], "texture": "#door"},
				"east": {"uv": [4, 6, 3, 6.5], "texture": "#door"},
				"south": {"uv": [3.5, 6, 4, 6.5], "texture": "#door"},
				"west": {"uv": [3, 6, 4, 6.5], "texture": "#door", "cullface": "west"},
				"up": {"uv": [3, 6, 4, 6.5], "rotation": 90, "texture": "#door"},
				"down": {"uv": [3, 6, 4, 6.5], "rotation": 270, "texture": "#door"}
			}
		},
		{
			"name": "10",
			"from": [-0.25, 10, 3.5],
			"to": [3.25, 11, 4],
			"faces": {
				"north": {"uv": [3.5, 5, 4, 6], "texture": "#door"},
				"east": {"uv": [4, 5, 3.5, 6], "texture": "#door"},
				"south": {"uv": [3.5, 5, 4, 6], "texture": "#door"},
				"west": {"uv": [3.5, 5, 4, 6], "texture": "#door", "cullface": "west"},
				"up": {"uv": [3.5, 5, 4, 5.5], "texture": "#door"}
			}
		},
		{
			"name": "11",
			"from": [-0.25, 10.5, 4],
			"to": [3.25, 12.5, 4.5],
			"faces": {
				"north": {"uv": [4, 3.5, 4.5, 5.5], "texture": "#door"},
				"east": {"uv": [4.5, 3.5, 4, 5.5], "texture": "#door"},
				"south": {"uv": [4, 3.5, 4.5, 5.5], "texture": "#door"},
				"west": {"uv": [4, 3.5, 4.5, 5.5], "texture": "#door", "cullface": "west"},
				"down": {"uv": [4, 5, 4.5, 5.5], "texture": "#door"}
			}
		},
		{
			"name": "12",
			"from": [-0.25, 12, 3.5],
			"to": [3.25, 12.5, 4],
			"faces": {
				"north": {"uv": [3.5, 3.5, 4, 4], "texture": "#door"},
				"east": {"uv": [4, 3.5, 3.5, 4], "texture": "#door"},
				"west": {"uv": [3.5, 3.5, 4, 4], "texture": "#door", "cullface": "west"},
				"down": {"uv": [3.5, 3.5, 4, 4], "texture": "#door"}
			}
		},
		{
			"name": "13",
			"from": [-0.25, 11.5, 4.5],
			"to": [3.25, 12.5, 6],
			"faces": {
				"east": {"uv": [6, 3.5, 4.5, 4.5], "texture": "#door"},
				"south": {"uv": [5.5, 3.5, 6, 4.5], "texture": "#door"},
				"west": {"uv": [4.5, 3.5, 6, 4.5], "texture": "#door", "cullface": "west"},
				"up": {"uv": [4.5, 3.5, 6, 4], "rotation": 90, "texture": "#door"},
				"down": {"uv": [4.5, 4, 6, 4.5], "texture": "#door"}
			}
		},
		{
			"name": "14",
			"from": [-0.25, 12, 6],
			"to": [3.25, 12.5, 7],
			"faces": {
				"east": {"uv": [7, 3.5, 6, 4], "texture": "#door"},
				"south": {"uv": [6.5, 3.5, 7, 4], "texture": "#door"},
				"west": {"uv": [6, 3.5, 7, 4], "texture": "#door", "cullface": "west"},
				"up": {"uv": [6, 3.5, 7, 4], "texture": "#door"},
				"down": {"uv": [6, 3.5, 7, 4], "rotation": 270, "texture": "#door"}
			}
		},
		{
			"name": "15",
			"from": [-0.25, 12.5, 6.5],
			"to": [3.25, 13, 8],
			"faces": {
				"north": {"uv": [6.5, 3, 7, 3.5], "texture": "#door"},
				"east": {"uv": [8, 3, 6.5, 3.5], "texture": "#door"},
				"south": {"uv": [7.5, 3, 8, 3.5], "texture": "#door"},
				"west": {"uv": [6.5, 3, 8, 3.5], "texture": "#door", "cullface": "west"},
				"up": {"uv": [6.5, 3, 8, 3.5], "texture": "#door"},
				"down": {"uv": [6.5, 3, 8, 3.5], "texture": "#door"}
			}
		},
		{
			"name": "16",
			"from": [-0.25, 13, 7],
			"to": [3.25, 13.5, 8.5],
			"faces": {
				"north": {"uv": [7, 2.5, 7.5, 3], "texture": "#door"},
				"east": {"uv": [8.5, 2.5, 7, 3], "texture": "#door"},
				"south": {"uv": [8, 2.5, 8.5, 3], "texture": "#door"},
				"west": {"uv": [7, 2.5, 8.5, 3], "texture": "#door", "cullface": "west"},
				"up": {"uv": [7, 2.5, 8.5, 3], "texture": "#door"},
				"down": {"uv": [7, 2.5, 8.5, 3], "texture": "#door"}
			}
		},
		{
			"name": "17",
			"from": [-0.25, 13.5, 8],
			"to": [3.25, 14.5, 8.5],
			"faces": {
				"north": {"uv": [8, 1.5, 8.5, 2.5], "texture": "#door"},
				"east": {"uv": [8.5, 1.5, 8, 2.5], "texture": "#door"},
				"south": {"uv": [8, 1.5, 8.5, 2.5], "texture": "#door"},
				"west": {"uv": [8, 1.5, 8.5, 2.5], "texture": "#door", "cullface": "west"},
				"up": {"uv": [8, 1.5, 8.5, 2], "texture": "#door"}
			}
		},
		{
			"name": "18",
			"from": [-0.25, 14, 8.5],
			"to": [3.25, 15.5, 9],
			"faces": {
				"north": {"uv": [8.5, 0.5, 9, 2], "texture": "#door"},
				"east": {"uv": [9, 0.5, 8.5, 2], "texture": "#door"},
				"south": {"uv": [8.5, 0.5, 9, 2], "texture": "#door"},
				"west": {"uv": [8.5, 0.5, 9, 2], "texture": "#door", "cullface": "west"},
				"up": {"uv": [8.5, 0.5, 9, 1], "texture": "#door"},
				"down": {"uv": [8.5, 1.5, 9, 2], "texture": "#door"}
			}
		},
		{
			"name": "1",
			"from": [-0.25, 14, 12],
			"to": [3.25, 15.5, 12.5],
			"faces": {
				"north": {"uv": [12, 0.5, 12.5, 2], "texture": "#door"},
				"east": {"uv": [12.5, 0.5, 12, 2], "texture": "#door"},
				"south": {"uv": [12, 0.5, 12.5, 2], "texture": "#door"},
				"west": {"uv": [12, 0.5, 12.5, 2], "texture": "#door", "cullface": "west"},
				"up": {"uv": [12, 0.5, 12.5, 1], "texture": "#door"},
				"down": {"uv": [12, 1.5, 12.5, 2], "texture": "#door"}
			}
		},
		{
			"name": "2",
			"from": [-0.25, 13.5, 12.5],
			"to": [3.25, 15, 13],
			"faces": {
				"north": {"uv": [12.5, 1, 13, 2.5], "texture": "#door"},
				"east": {"uv": [13, 1, 12.5, 2.5], "texture": "#door"},
				"south": {"uv": [12.5, 1, 13, 2.5], "texture": "#door"},
				"west": {"uv": [12.5, 1, 13, 2.5], "texture": "#door", "cullface": "west"},
				"up": {"uv": [12.5, 1, 13, 1.5], "texture": "#door"},
				"down": {"uv": [12.5, 2, 13, 2.5], "texture": "#door"}
			}
		},
		{
			"name": "3",
			"from": [-0.25, 13, 13],
			"to": [3.25, 14.5, 13.5],
			"faces": {
				"north": {"uv": [13, 1.5, 13.5, 3], "texture": "#door"},
				"east": {"uv": [13.5, 1.5, 13, 3], "texture": "#door"},
				"south": {"uv": [13, 1.5, 13.5, 3], "texture": "#door"},
				"west": {"uv": [13, 1.5, 13.5, 3], "texture": "#door", "cullface": "west"},
				"up": {"uv": [13, 1.5, 13.5, 2], "texture": "#door"},
				"down": {"uv": [13, 2.5, 13.5, 3], "texture": "#door"}
			}
		},
		{
			"name": "4",
			"from": [-0.25, 13, 13.5],
			"to": [3.25, 14, 14.5],
			"faces": {
				"east": {"uv": [14.5, 2, 13.5, 3], "texture": "#door"},
				"south": {"uv": [14, 2, 14.5, 3], "texture": "#door"},
				"west": {"uv": [13.5, 2, 14.5, 3], "texture": "#door", "cullface": "west"},
				"up": {"uv": [13.5, 2, 14.5, 2.5], "texture": "#door"},
				"down": {"uv": [13.5, 2.5, 14.5, 3], "rotation": 270, "texture": "#door"}
			}
		},
		{
			"name": "5",
			"from": [-0.25, 13, 14.5],
			"to": [0, 13.5, 16],
			"faces": {
				"south": {"uv": [15.5, 2.5, 16, 3], "texture": "#door", "cullface": "west"},
				"west": {"uv": [14.5, 2.5, 16, 3], "texture": "#door", "cullface": "west"},
				"up": {"uv": [14.5, 2.5, 16, 3], "rotation": 90, "texture": "#door", "cullface": "west"},
				"down": {"uv": [14.5, 2.5, 16, 3], "rotation": 270, "texture": "#door", "cullface": "west"}
			}
		},
		{
			"name": "6",
			"from": [3, 13, 14.5],
			"to": [3.25, 13.5, 16],
			"faces": {
				"east": {"uv": [16, 2.5, 14.5, 3], "texture": "#door"},
				"south": {"uv": [15.5, 2.5, 16, 3], "texture": "#door", "cullface": "south"},
				"up": {"uv": [14.5, 2.5, 16, 3], "rotation": 90, "texture": "#door"},
				"down": {"uv": [14.5, 2.5, 16, 3], "rotation": 270, "texture": "#door"}
			}
		},
		{
			"name": "1",
			"from": [-0.25, 5.5, 12],
			"to": [3.25, 6.5, 12.5],
			"faces": {
				"north": {"uv": [12, 9.5, 12.5, 10.5], "texture": "#door"},
				"east": {"uv": [12.5, 9.5, 12, 10.5], "texture": "#door"},
				"south": {"uv": [12, 9.5, 12.5, 10.5], "texture": "#door"},
				"west": {"uv": [12, 9.5, 12.5, 10.5], "texture": "#door", "cullface": "west"},
				"up": {"uv": [12, 9.5, 12.5, 10], "texture": "#door"},
				"down": {"uv": [12, 10, 12.5, 10.5], "texture": "#door"}
			}
		},
		{
			"name": "2",
			"from": [-0.25, 6, 12.5],
			"to": [3.25, 7, 13],
			"faces": {
				"north": {"uv": [12.5, 9, 13, 10], "texture": "#door"},
				"east": {"uv": [13, 9, 12.5, 10], "texture": "#door"},
				"south": {"uv": [12.5, 9, 13, 10], "texture": "#door"},
				"west": {"uv": [12.5, 9, 13, 10], "texture": "#door", "cullface": "west"},
				"up": {"uv": [12.5, 9, 13, 9.5], "texture": "#door"},
				"down": {"uv": [12.5, 9.5, 13, 10], "texture": "#door"}
			}
		},
		{
			"name": "3",
			"from": [-0.25, 6.5, 13],
			"to": [3.25, 7, 14],
			"faces": {
				"east": {"uv": [14, 9, 13, 9.5], "texture": "#door"},
				"south": {"uv": [13.5, 9, 14, 9.5], "texture": "#door"},
				"west": {"uv": [13, 9, 14, 9.5], "texture": "#door", "cullface": "west"},
				"down": {"uv": [13, 9, 14, 9.5], "rotation": 270, "texture": "#door"}
			}
		},
		{
			"name": "4",
			"from": [-0.25, 7, 13],
			"to": [3.25, 7.5, 15],
			"faces": {
				"north": {"uv": [13, 8.5, 13.5, 9], "texture": "#door"},
				"east": {"uv": [15, 8.5, 13, 9], "texture": "#door"},
				"south": {"uv": [14.5, 8.5, 15, 9], "texture": "#door"},
				"west": {"uv": [13, 8.5, 15, 9], "texture": "#door", "cullface": "west"},
				"up": {"uv": [13, 8.5, 15, 9], "rotation": 90, "texture": "#door"},
				"down": {"uv": [13, 8.5, 15, 9], "rotation": 270, "texture": "#door"}
			}
		},
		{
			"name": "5",
			"from": [-0.25, 7.5, 13.5],
			"to": [3.25, 8, 15.5],
			"faces": {
				"north": {"uv": [13.5, 8, 14, 8.5], "texture": "#door"},
				"east": {"uv": [15.5, 8, 13.5, 8.5], "texture": "#door"},
				"south": {"uv": [15, 8, 15.5, 8.5], "texture": "#door"},
				"west": {"uv": [13.5, 8, 15.5, 8.5], "texture": "#door", "cullface": "west"},
				"up": {"uv": [13.5, 8, 15.5, 8.5], "rotation": 90, "texture": "#door"},
				"down": {"uv": [13.5, 8, 15.5, 8.5], "rotation": 270, "texture": "#door"}
			}
		},
		{
			"name": "6",
			"from": [-0.25, 8, 15],
			"to": [0, 8.5, 16],
			"faces": {
				"north": {"uv": [15, 7.5, 15.5, 8], "texture": "#door", "cullface": "west"},
				"south": {"uv": [15.5, 7.5, 16, 8], "texture": "#door", "cullface": "west"},
				"west": {"uv": [15, 7.5, 16, 8], "texture": "#door", "cullface": "west"},
				"up": {"uv": [15, 7.5, 16, 8], "rotation": 90, "texture": "#door", "cullface": "west"},
				"down": {"uv": [15, 7.5, 16, 8], "rotation": 270, "texture": "#door", "cullface": "west"}
			}
		},
		{
			"name": "7",
			"from": [3, 8, 15],
			"to": [3.25, 8.5, 16],
			"faces": {
				"north": {"uv": [15, 7.5, 15.5, 8], "texture": "#door"},
				"east": {"uv": [16, 7.5, 15, 8], "texture": "#door"},
				"south": {"uv": [15.5, 7.5, 16, 8], "texture": "#door", "cullface": "south"},
				"up": {"uv": [15, 7.5, 16, 8], "rotation": 90, "texture": "#door"},
				"down": {"uv": [15, 7.5, 16, 8], "rotation": 270, "texture": "#door"}
			}
		},
		{
			"name": "1",
			"from": [-0.25, 0, 6.5],
			"to": [3.25, 2, 7],
			"faces": {
				"north": {"uv": [6.5, 14, 7, 16], "texture": "#door"},
				"east": {"uv": [7, 14, 6.5, 16], "texture": "#door"},
				"south": {"uv": [6.5, 14, 7, 16], "texture": "#door"},
				"west": {"uv": [6.5, 14, 7, 16], "texture": "#door", "cullface": "west"},
				"up": {"uv": [6.5, 14, 7, 14.5], "texture": "#door"}
			}
		},
		{
			"name": "2",
			"from": [-0.25, 0.5, 7],
			"to": [3.25, 3.5, 7.5],
			"faces": {
				"north": {"uv": [7, 12.5, 7.5, 15.5], "texture": "#door"},
				"east": {"uv": [7.5, 12.5, 7, 15.5], "texture": "#door"},
				"south": {"uv": [7, 12.5, 7.5, 15.5], "texture": "#door"},
				"west": {"uv": [7, 12.5, 7.5, 15.5], "texture": "#door", "cullface": "west"},
				"up": {"uv": [7, 12.5, 7.5, 13], "texture": "#door"},
				"down": {"uv": [7, 15, 7.5, 15.5], "texture": "#door"}
			}
		},
		{
			"name": "3",
			"from": [-0.25, 2.5, 7.5],
			"to": [3.25, 4, 8],
			"faces": {
				"north": {"uv": [7.5, 12, 8, 13.5], "texture": "#door"},
				"east": {"uv": [8, 12, 7.5, 13.5], "texture": "#door"},
				"south": {"uv": [7.5, 12, 8, 13.5], "texture": "#door"},
				"west": {"uv": [7.5, 12, 8, 13.5], "texture": "#door", "cullface": "west"},
				"up": {"uv": [7.5, 12, 8, 12.5], "texture": "#door"},
				"down": {"uv": [7.5, 13, 8, 13.5], "texture": "#door"}
			}
		},
		{
			"name": "4",
			"from": [-0.25, 3.5, 8],
			"to": [3.25, 4.5, 8.5],
			"faces": {
				"north": {"uv": [8, 11.5, 8.5, 12.5], "texture": "#door"},
				"east": {"uv": [8.5, 11.5, 8, 12.5], "texture": "#door"},
				"south": {"uv": [8, 11.5, 8.5, 12.5], "texture": "#door"},
				"west": {"uv": [8, 11.5, 8.5, 12.5], "texture": "#door", "cullface": "west"},
				"up": {"uv": [8, 11.5, 8.5, 12], "texture": "#door"},
				"down": {"uv": [8, 12, 8.5, 12.5], "texture": "#door"}
			}
		},
		{
			"name": "5",
			"from": [-0.25, 4, 8.5],
			"to": [3.25, 4.5, 9.5],
			"faces": {
				"east": {"uv": [9.5, 11.5, 8.5, 12], "texture": "#door"},
				"south": {"uv": [9, 11.5, 9.5, 12], "texture": "#door"},
				"west": {"uv": [8.5, 11.5, 9.5, 12], "texture": "#door", "cullface": "west"},
				"up": {"uv": [8.5, 11.5, 9.5, 12], "rotation": 90, "texture": "#door"},
				"down": {"uv": [8.5, 11.5, 9.5, 12], "rotation": 270, "texture": "#door"}
			}
		},
		{
			"name": "6",
			"from": [-0.25, 4.5, 9],
			"to": [3.25, 5, 11.5],
			"faces": {
				"north": {"uv": [9, 11, 9.5, 11.5], "texture": "#door"},
				"east": {"uv": [11.5, 11, 9, 11.5], "texture": "#door"},
				"south": {"uv": [11, 11, 11.5, 11.5], "texture": "#door"},
				"west": {"uv": [9, 11, 11.5, 11.5], "texture": "#door", "cullface": "west"},
				"up": {"uv": [9, 11, 11.5, 11.5], "rotation": 90, "texture": "#door"},
				"down": {"uv": [9, 11, 11.5, 11.5], "rotation": 270, "texture": "#door"}
			}
		},
		{
			"name": "7",
			"from": [-0.25, 4, 10.5],
			"to": [3.25, 4.5, 12.5],
			"faces": {
				"north": {"uv": [10.5, 11.5, 11, 12], "texture": "#door"},
				"east": {"uv": [12.5, 11.5, 10.5, 12], "texture": "#door"},
				"south": {"uv": [12, 11.5, 12.5, 12], "texture": "#door"},
				"west": {"uv": [10.5, 11.5, 12.5, 12], "texture": "#door", "cullface": "west"},
				"up": {"uv": [10.5, 11.5, 12.5, 12], "rotation": 90, "texture": "#door"},
				"down": {"uv": [10.5, 11.5, 12.5, 12], "rotation": 270, "texture": "#door"}
			}
		},
		{
			"name": "8",
			"from": [-0.25, 3.5, 11.5],
			"to": [3.25, 4, 14.5],
			"faces": {
				"north": {"uv": [11.5, 12, 12, 12.5], "texture": "#door"},
				"east": {"uv": [14.5, 12, 11.5, 12.5], "texture": "#door"},
				"south": {"uv": [14, 12, 14.5, 12.5], "texture": "#door"},
				"west": {"uv": [11.5, 12, 14.5, 12.5], "texture": "#door", "cullface": "west"},
				"up": {"uv": [11.5, 12, 14.5, 12.5], "rotation": 90, "texture": "#door"},
				"down": {"uv": [11.5, 12, 14.5, 12.5], "rotation": 270, "texture": "#door"}
			}
		},
		{
			"name": "9",
			"from": [-0.25, 4, 14],
			"to": [3.25, 4.5, 15],
			"faces": {
				"north": {"uv": [14.5, 11.5, 15, 12], "texture": "#door"},
				"east": {"uv": [15, 11.5, 14, 12], "texture": "#door"},
				"south": {"uv": [14.5, 11.5, 15, 12], "texture": "#door"},
				"west": {"uv": [14, 11.5, 15, 12], "texture": "#door", "cullface": "west"},
				"up": {"uv": [14, 11.5, 15, 12], "rotation": 90, "texture": "#door"},
				"down": {"uv": [14, 11.5, 15, 12], "rotation": 270, "texture": "#door"}
			}
		},
		{
			"name": "10",
			"from": [-0.25, 4.5, 14.5],
			"to": [3.25, 5, 15.5],
			"faces": {
				"north": {"uv": [14.5, 11, 15, 11.5], "texture": "#door"},
				"east": {"uv": [15.5, 11, 14.5, 11.5], "texture": "#door"},
				"south": {"uv": [15, 11, 15.5, 11.5], "texture": "#door"},
				"west": {"uv": [14.5, 11, 15.5, 11.5], "texture": "#door", "cullface": "west"},
				"up": {"uv": [14.5, 11, 15.5, 11.5], "rotation": 90, "texture": "#door"},
				"down": {"uv": [14.5, 11, 15.5, 11.5], "rotation": 270, "texture": "#door"}
			}
		},
		{
			"name": "11",
			"from": [-0.25, 5, 15],
			"to": [3.25, 5.5, 15.5],
			"faces": {
				"north": {"uv": [15, 10.5, 15.5, 11], "texture": "#door"},
				"east": {"uv": [15.5, 10.5, 15, 11], "texture": "#door"},
				"south": {"uv": [15, 10.5, 15.5, 11], "texture": "#door"},
				"west": {"uv": [15, 10.5, 15.5, 11], "texture": "#door", "cullface": "west"},
				"up": {"uv": [15, 10.5, 15.5, 11], "rotation": 90, "texture": "#door"}
			}
		},
		{
			"name": "12",
			"from": [-0.25, 5.5, 15.5],
			"to": [0, 6, 16],
			"faces": {
				"north": {"uv": [15.5, 10, 16, 10.5], "texture": "#door", "cullface": "west"},
				"south": {"uv": [15.5, 10, 16, 10.5], "texture": "#door", "cullface": "west"},
				"west": {"uv": [15.5, 10, 16, 10.5], "texture": "#door", "cullface": "west"},
				"up": {"uv": [15.5, 10, 16, 10.5], "rotation": 90, "texture": "#door", "cullface": "west"},
				"down": {"uv": [15.5, 10, 16, 10.5], "rotation": 270, "texture": "#door", "cullface": "west"}
			}
		},
		{
			"name": "13",
			"from": [3, 5.5, 15.5],
			"to": [3.25, 6, 16],
			"faces": {
				"north": {"uv": [15.5, 10, 16, 10.5], "texture": "#door"},
				"east": {"uv": [16, 10, 15.5, 10.5], "texture": "#door"},
				"south": {"uv": [15.5, 10, 16, 10.5], "texture": "#door", "cullface": "south"},
				"up": {"uv": [15.5, 10, 16, 10.5], "rotation": 90, "texture": "#door"},
				"down": {"uv": [15.5, 10, 16, 10.5], "rotation": 270, "texture": "#door"}
			}
		},
		{
			"name": "main",
			"from": [0, 0, 0],
			"to": [3, 16, 16],
			"faces": {
				"north": {"uv": [3, 0, 0, 16], "texture": "#side_top_hinge", "cullface": "north"},
				"east": {"uv": [16, 0, 0, 16], "texture": "#door"},
				"south": {"uv": [0, 0, 3, 16], "texture": "#side_top", "cullface": "south"},
				"west": {"uv": [0, 0, 16, 16], "texture": "#door", "cullface": "west"},
				"up": {"uv": [0, 3, 16, 0], "rotation": 270, "texture": "#top", "cullface": "up"}
			}
		},
		{
			"name": "1",
			"from": [-0.5, 0, 9.5],
			"to": [3.5, 2.5, 14],
			"faces": {
				"north": {"uv": [9.5, 13.5, 10, 16], "texture": "#door"},
				"east": {"uv": [14, 13.5, 9.5, 16], "texture": "#door"},
				"south": {"uv": [13.5, 13.5, 14, 16], "texture": "#door"},
				"west": {"uv": [9.5, 13.5, 14, 16], "texture": "#door", "cullface": "west"},
				"up": {"uv": [9.5, 13.5, 14, 14], "rotation": 90, "texture": "#door"},
				"down": {"uv": [9.5, 15.5, 14, 16], "rotation": 270, "texture": "#door", "cullface": "down"}
			}
		}
	],
	"groups": [
		{
			"name": "group",
			"origin": [8, 8, 8],
			"color": 0,
			"children": [
				{
					"name": "detail",
					"origin": [8, 8, 8],
					"color": 0,
					"children": [
						{
							"name": "1",
							"origin": [8, 8, 8],
							"color": 0,
							"children": [0, 1, 2, 3, 4, 5, 6, 7, 8, 9, 10, 11, 12, 13, 14, 15, 16, 17]
						},
						{
							"name": "2",
							"origin": [8, 8, 8],
							"color": 0,
							"children": [18, 19, 20, 21, 22, 23]
						},
						{
							"name": "3",
							"origin": [8, 8, 8],
							"color": 0,
							"children": [24, 25, 26, 27, 28, 29, 30]
						},
						{
							"name": "4",
							"origin": [8, 8, 8],
							"color": 0,
							"children": [31, 32, 33, 34, 35, 36, 37, 38, 39, 40, 41, 42, 43]
						}
					]
				}, 44,
				{
					"name": "handle",
					"origin": [8, 8, 8],
					"color": 0,
					"children": [45]
				}
			]
		}
	]
}